pair_id,left_index,right_index,target,raw_score,pca_score
0,318,388,0,-26.41459898571092,-25.90337108302473
1,130,132,1,-13.25566399828783,-12.661739224432285
2,388,389,1,-13.5627515504038,-12.361154254044285
3,349,356,0,-21.0409504198796,-20.637562353401393
4,45,47,1,-11.729734662529342,-10.473521265914668
5,252,255,1,-11.616018370504069,-10.083866686320828
6,5,58,0,-23.01502506036152,-22.579207404387514
7,211,243,0,-20.38003713340238,-19.623678568528042
8,210,231,0,-19.4861009466094,-18.641497471938003
9,301,306,1,-20.825710765528328,-20.35192531582912
10,334,337,1,-16.61514166231172,-15.781583512155734
11,145,149,1,-17.928207121834554,-17.135105094349242
12,3,228,0,-27.95742830091233,-27.488654655316562
13,23,213,0,-20.83486141034466,-20.281936854004556
14,230,356,0,-16.78052974798271,-16.020120592654724
15,243,245,1,-13.743482737061294,-12.5922169848314
16,242,249,1,-8.58022571688897,-5.931915006681074
17,341,344,1,-21.089915320998447,-20.469720108124076
18,135,236,0,-22.85541682384745,-22.366770195520314
19,138,139,1,-15.389134139732892,-15.096377624213224
20,48,236,0,-20.29917648792055,-19.597102518624954
21,54,56,1,-9.244208767621238,-6.552701091874731
22,303,306,1,-22.961819471699272,-22.548984385250535
23,282,288,1,-12.076186139188966,-10.828703670173802
24,228,345,0,-20.884628906863387,-20.180266883880908
25,20,241,0,-15.45960590029824,-14.655190434590327
26,124,259,0,-18.40257924982142,-17.664957146642784
27,74,75,1,-10.813879195507411,-9.628200397788975
28,76,340,0,-22.86050929462389,-22.329819977021195
29,321,324,1,-16.088994708093978,-15.359883241474868
30,310,330,0,-25.524831814489595,-25.27961160633023
31,283,286,1,-9.39020436274451,-7.230641213088721
32,5,257,0,-24.07202615938754,-23.52794024165477
33,356,389,0,-22.820820645999575,-22.29800685694617
34,114,146,0,-19.983031425025143,-19.354410378361855
35,322,328,1,-15.541841999377763,-14.645441903166985
36,73,319,0,-21.292654196722747,-20.695588815368975
37,133,139,1,-17.84163629517294,-17.387584369111373
38,125,126,1,-15.419404819131753,-14.78512143294535
39,52,233,0,-25.26459517986063,-24.705029319438243
40,323,328,1,-17.375460913133413,-16.50883175649343
41,224,227,1,-12.850211172254852,-11.759739785536102
42,229,335,0,-25.588281247473102,-25.02028938874298
43,302,303,1,-7.329914470964107,-3.697472121370671
44,260,265,1,-18.68942892563386,-18.025789819020435
45,112,354,0,-22.55180174735305,-22.16033458758154
46,260,350,0,-25.64900567183973,-25.238317571267057
47,24,29,1,-18.007972234551133,-17.297690019709762
48,73,78,1,-14.88466468000342,-14.057228903580476
49,8,289,0,-30.039355499878052,-29.641611798222417
50,238,305,0,-20.695697575858635,-20.06706786783856
51,336,339,1,-18.625244637962922,-18.09762454153287
52,138,269,0,-19.000757378928228,-18.7137123549015
53,61,120,0,-24.769315679122847,-24.212225479955876
54,210,211,1,-10.266281913328566,-8.309577019969439
55,256,259,1,-17.083582200505443,-16.163805792700714
56,63,69,1,-13.155077355379495,-12.442736528744431
57,241,246,1,-12.537632439129291,-11.074928331984646
58,226,243,0,-19.696001423812504,-18.99859579494024
59,117,132,0,-25.216501397795245,-24.76412723091363
60,321,326,1,-13.67682625394222,-12.672455424778883
61,132,135,1,-16.81126659870316,-16.309487481458714
62,122,124,1,-14.70596591418492,-13.709596516398381
63,225,227,1,-16.397026665331293,-15.79274409741045
64,110,384,0,-27.87072623448892,-27.330702857927403
65,149,350,0,-21.851285369208078,-21.41449769350185
66,215,238,0,-20.418564265320285,-19.73254894581287
67,45,235,0,-22.133281402742323,-21.509171201704643
68,217,387,0,-15.203185079099457,-14.228180905269909
69,3,6,1,-17.50870735533591,-16.636999370746587
70,260,383,0,-26.516795932469662,-25.951217032171293
71,63,67,1,-16.04950366427454,-15.454342828502712
72,56,337,0,-30.325357920116833,-29.86227530032946
73,124,351,0,-24.89980721275278,-24.504990965510416
74,231,232,1,-13.721238054528325,-12.533266591881208
75,111,383,0,-27.181522739157117,-26.65823647037394
76,240,243,1,-15.769907391337446,-14.6612278870018
77,143,352,0,-19.473877805075755,-18.726522753919408
78,302,356,0,-22.110692812565482,-21.642034283318925
79,55,132,0,-32.536039094266116,-32.08013672095655
80,236,238,1,-14.640842447698658,-13.4761354657787
81,231,233,1,-14.234458588466488,-13.029799090069552
82,231,239,1,-12.74931511913492,-11.337961631785019
83,135,347,0,-22.39877577458828,-21.952602570345984
84,135,314,0,-22.936969957768646,-22.662517495681165
85,215,287,0,-17.91406389305181,-17.42780133704712
86,224,226,1,-13.890922190270105,-12.846837972177077
87,67,68,1,-13.029266693524857,-12.284424763906426
88,7,311,0,-24.687357808435532,-24.24577180281334
89,355,357,1,-17.97068890444903,-17.47453435823355
90,45,285,0,-21.19555956696409,-20.466615664501845
91,24,250,0,-16.870162592208143,-16.17520080925678
92,220,225,1,-13.12391572183164,-12.037683215358616
93,54,57,1,-11.926626315083265,-10.243016256500468
94,254,257,1,-12.030573343943674,-10.538623645825231
95,71,339,0,-25.96803189711195,-25.487985416848126
96,25,59,0,-21.296119251538954,-20.593110561313054
97,122,146,0,-18.815842434727003,-18.065060711843262
98,79,319,0,-20.705475330065465,-20.05723062859983
99,49,263,0,-22.449321435051694,-21.7013591883616
100,255,334,0,-25.93020772033878,-25.354215286479647
101,258,283,0,-20.72962701120019,-19.915430647620123
102,143,257,0,-20.155840774390292,-19.4713771050758
103,64,68,1,-13.316423757035912,-12.296572913891172
104,245,249,1,-9.321743708018099,-7.029320582318081
105,233,315,0,-22.469826479418902,-21.972131230109287
106,56,127,0,-23.623417934748993,-23.02356741263467
107,233,238,1,-10.99379890565325,-9.314128574486368
108,65,70,0,-20.712563107482094,-20.136097788960846
109,312,355,0,-22.4575613939379,-22.09805471650921
110,3,8,1,-16.83048578439502,-16.154460629314926
111,71,230,0,-20.57107667589814,-19.87377112347828
112,232,235,1,-14.145946073437951,-13.185118981356263
113,215,217,1,-12.271240825477744,-11.1032327585864
114,64,331,0,-25.991728527347856,-25.664100058375862
115,143,267,0,-18.726953305254018,-17.99321552792048
116,124,125,1,-13.190522192756385,-12.316443013096348
117,120,127,1,-12.875343388172848,-11.726050406790765
118,133,211,0,-20.827921116848643,-19.999004541762552
119,122,123,1,-8.351784262420635,-5.57867689343581
120,20,26,1,-13.510897099269991,-12.50806584171481
121,260,328,0,-26.62134254465034,-26.02770173374371
122,71,259,0,-25.80747840487405,-25.309916380181075
123,380,389,1,-15.741813431759548,-14.705087711983884
124,120,126,1,-13.371344792321947,-12.314542471180289
125,54,225,0,-18.692592063675125,-17.9341976816274
126,255,259,1,-13.971428400198786,-12.836611203852737
127,28,59,0,-22.945416199839283,-22.228020359722308
128,1,2,1,-19.400867389427017,-18.778842602551507
129,380,381,1,-10.6859402050455,-8.622960662407358
130,72,77,1,-9.218763208973352,-7.6953454708049085
131,134,386,0,-25.63207847413029,-25.228291046834386
132,300,303,1,-23.101697573961133,-22.625931215266803
133,42,245,0,-13.981627401758455,-12.943159854269185
134,385,389,1,-11.559202819402492,-10.006219722425472
135,332,336,1,-16.62554335862173,-16.209117059808563
136,23,116,0,-16.71836460264842,-15.819418845702145
137,213,219,1,-13.592520929912695,-12.806751792094364
138,243,247,1,-12.296211816234377,-10.709313709417938
139,217,261,0,-24.434360308607314,-23.87863239813368
140,306,308,1,-10.64986238540131,-8.74819532261303
141,142,144,1,-16.942932989090192,-15.886308533710277
142,330,333,1,-13.354813593654711,-12.678389566772255
143,240,241,1,-12.586500077984756,-11.274904486911575
144,241,244,1,-17.211586475814432,-16.348425707865424
145,57,358,0,-25.34403459403928,-24.91036560975829
146,0,9,1,-17.82437317746257,-17.128075803230182
147,136,300,0,-24.565628065032776,-24.053572572662233
148,284,359,0,-21.477276309709215,-21.06778729203934
149,381,385,1,-16.41500239443833,-15.60982352184784
150,41,47,1,-13.989192231686612,-12.787192528959304
151,40,48,1,-14.275064671380889,-13.273795732055422
152,263,388,0,-27.707138428676185,-27.196359795718724
153,235,264,0,-22.706586695659748,-22.10694435390684
154,380,387,1,-13.594369685206381,-12.258132719129884
155,311,319,1,-19.19208047630053,-18.53775494488402
156,230,239,1,-12.520226161543041,-11.021478704612484
157,283,289,1,-12.224385956059267,-10.568534112689965
158,216,238,0,-19.415999369938973,-18.665022835075
159,25,27,1,-10.89999021285708,-9.143763066447862
160,123,265,0,-25.681500840843448,-25.243879813927922
161,241,243,1,-15.866058447457519,-15.007610672546553
162,335,337,1,-8.61586415884803,-5.0218534420980125
163,304,306,1,-23.232847458177186,-22.87605721784088
164,225,380,0,-21.957139356700615,-21.374153819613667
165,254,269,0,-22.814913444801658,-22.34280962398189
166,223,224,1,-13.833461477171664,-12.988056770714586
167,146,226,0,-17.558646925163348,-16.74787450219344
168,250,389,0,-24.83147875526237,-24.28055282717209
169,77,114,0,-23.03226211734591,-22.53930046375078
170,20,380,0,-22.09989299950515,-21.358743620028378
171,230,323,0,-20.841009664930105,-20.0762265769207
172,23,27,1,-13.475278876022388,-12.315823511704298
173,74,78,1,-13.630834135488007,-12.68650811896329
174,301,315,0,-22.560163648789658,-22.274221824065208
175,234,236,1,-13.538002423856778,-12.378397968442128
176,40,237,0,-22.87810408124614,-22.333033727432596
177,22,77,0,-22.99183468224721,-22.451929488458973
178,225,229,1,-12.554229582158673,-11.483140816847424
179,284,325,0,-16.228103911966283,-15.379424347331746
180,213,337,0,-16.763673427990387,-16.010496711945922
181,250,251,1,-12.384274406527446,-10.985805144343045
182,281,285,1,-15.652453866048306,-14.589657142195566
183,137,211,0,-18.702139314174104,-18.025524435778756
184,42,69,0,-20.6221022453424,-20.14245821669759
185,51,52,1,-10.346699202332529,-8.309881899316297
186,123,256,0,-16.664453816008173,-15.866398727826933
187,141,143,1,-17.706236322355327,-16.949816950506932
188,263,311,0,-19.91826720413118,-19.277980844345013
189,41,42,1,-8.414723518646513,-5.972282819334149
190,339,357,0,-23.49140920004332,-22.952286568638012
191,247,355,0,-22.027598361445605,-21.5872897713768
192,29,332,0,-24.964341852669033,-24.491301517562395
193,338,389,0,-18.79875183116621,-18.096552077126816
194,210,214,1,-9.334637589570892,-7.008495121195969
195,148,321,0,-20.861676100088665,-20.26446695531203
196,119,256,0,-17.739090701186186,-17.01908591351552
197,219,336,0,-18.77444265887009,-18.366781712997348
198,346,349,1,-21.485796743075134,-21.143897039044646
199,264,267,1,-17.067540330441723,-16.11614561061917
200,231,236,1,-10.558301679242103,-8.6227825432607
201,7,228,0,-27.27857008608586,-26.755039354384138
202,65,112,0,-22.067680112492564,-21.48903108698434
203,54,77,0,-23.18811091670173,-22.530944585537164
204,219,385,0,-16.01920844741664,-15.196895536546156
205,262,328,0,-26.954724916254225,-26.417163389851783
206,211,212,1,-12.250410708353717,-10.695247782382005
207,259,335,0,-25.473029221259182,-24.837290491182024
208,222,228,1,-17.096025613676986,-16.45054079440035
209,41,141,0,-14.99771407998748,-13.952876708967606
210,244,330,0,-21.744655394122415,-21.217799384271963
211,110,241,0,-19.353497909957838,-18.70722362887632
212,20,329,0,-22.67941554934505,-22.147320939714373
213,110,114,1,-16.00945029175109,-15.245947994093337
214,318,319,1,-11.453307996712882,-9.635872824563615
215,260,263,1,-9.169198039052128,-6.240313337207661
216,284,287,1,-11.937929741115635,-10.595054306499831
217,113,338,0,-24.986467980154277,-24.398699266960445
218,386,389,1,-15.13828196708644,-14.237698003641134
219,242,261,0,-21.11617573362023,-20.53210943920257
220,230,235,1,-10.996105386886153,-9.470220958977078
221,131,325,0,-27.583534175045838,-27.191254530197348
222,230,307,0,-20.35809269261991,-19.551351351130357
223,4,8,1,-15.379427506942251,-14.740431643277084
224,23,51,0,-22.853885179348506,-22.128112313094483
225,244,386,0,-22.63285812283539,-22.009468778209293
226,61,64,1,-15.020385809799569,-14.319703381274012
227,240,319,0,-19.8927655435635,-19.230403719756787
228,325,328,1,-11.029971828085916,-9.140126011623831
229,147,336,0,-23.01336880957948,-22.61871532451073
230,50,53,1,-14.346634899246723,-13.339063376410376
231,112,349,0,-19.09031919648734,-18.53231616275445
232,79,328,0,-24.97303162559645,-24.467853936567398
233,47,326,0,-25.709378097086912,-25.211894684059057
234,21,22,1,-8.619931944540912,-6.5346189045612135
235,225,262,0,-25.512571508225616,-25.033320190887547
236,67,230,0,-18.38473952152691,-17.649894208686845
237,281,282,1,-11.28943970934879,-9.475066695626456
238,260,261,1,-13.121308910216884,-12.390204145108939
239,332,349,0,-24.09240683605262,-23.76445696063277
240,147,149,1,-15.984593101470514,-15.231256555420229
241,73,254,0,-25.727434975787503,-25.240822689689576
242,111,113,1,-12.562821216832402,-11.385652651065566
243,111,114,1,-10.588739611907915,-8.759700621268427
244,65,116,0,-21.274852600007286,-20.653891279962483
245,227,255,0,-20.733623111536065,-20.141523207732686
246,288,381,0,-16.447000844221037,-15.524021695130642
247,0,5,1,-18.62403410141849,-17.982718742069853
248,3,78,0,-27.25982895823103,-26.745371767088976
249,42,147,0,-20.359714636958245,-19.83244263354795
250,345,346,1,-12.187262147094314,-10.947047995860988
251,212,219,1,-13.776671839040798,-12.784295823804799
252,355,385,0,-26.061021961451946,-25.685903821583196
253,140,147,1,-14.427772909856525,-13.422329994329612
254,287,288,1,-14.26055230922693,-13.094208759481436
255,350,358,1,-17.787582364779873,-17.524466276302306
256,327,328,1,-16.20112549270012,-15.451683119327551
257,40,59,0,-22.78981529641679,-22.21486884121965
258,227,288,0,-22.202699659924846,-21.6828129012951
259,71,76,1,-9.866509413893775,-8.31681632156681
260,47,259,0,-16.77658524660679,-15.840839633339149
261,73,346,0,-20.734243122443374,-20.20791327588562
262,338,355,0,-22.81820579471976,-22.422461918976047
263,65,66,1,-11.303363189841395,-9.729004452507745
264,310,389,0,-28.316048250280197,-28.029023188837204
265,24,26,1,-15.418643278816468,-14.60198974806754
266,247,249,1,-16.713209333684045,-15.854461430003738
267,119,331,0,-27.196622147277175,-26.79573856611946
268,5,123,0,-19.263438706635064,-18.614891728063114
269,110,112,1,-14.871033864654388,-13.679312763846633
270,242,260,0,-20.47582541874416,-19.66459849886365
271,23,123,0,-17.149112874362878,-16.247916946555684
272,28,286,0,-18.10477390412629,-17.208198701673034
273,239,265,0,-21.489158654767436,-21.02394596186896
274,44,323,0,-27.974942063657224,-27.45785120154579
275,320,322,1,-11.710486527772044,-9.8938832871343
276,41,324,0,-24.84169124901355,-24.265912188458067
277,253,258,1,-12.862477066007624,-11.466828319513716
278,46,48,1,-15.25768216221796,-14.280178147862493
279,230,237,1,-11.987308230781656,-10.682139534966737
280,252,256,1,-14.689817981671595,-13.729028810099562
281,40,217,0,-23.572680199983637,-23.003576964440025
282,305,306,1,-15.764186932604067,-14.87534098243701
283,251,308,0,-21.377170152947475,-20.728055339622603
284,40,47,1,-15.247895040124494,-14.400743838211413
285,63,65,1,-15.517904047704711,-14.83638043917448
286,120,124,1,-12.042206099683956,-10.650151314891652
287,121,123,1,-15.6499240701759,-14.824427934206017
288,53,112,0,-27.21828777563988,-26.759275438346915
289,61,68,1,-13.892613156918332,-12.936599803280675
290,340,343,1,-17.68864607500611,-16.997431743365155
291,245,247,1,-15.608220042655285,-14.63170322038927
292,8,114,0,-24.187526004329445,-23.825101450968855
293,385,386,1,-16.269388343462854,-15.491832567620008
294,117,304,0,-24.40351372227021,-23.962940048423345
295,230,233,1,-14.046647854941945,-12.73414978223209
296,64,66,1,-14.64870111108161,-13.960663463569857
297,65,334,0,-27.74060321281994,-27.27222344880789
298,2,54,0,-25.30044608377512,-24.691704739458597
299,77,337,0,-26.686611831899995,-26.20340710459707
300,315,319,1,-11.214535437181771,-9.857279508563492
301,122,128,1,-16.983010756551586,-16.246568738360956
302,334,335,1,-15.30357173017548,-14.359849863940964
303,144,149,1,-8.647608587328795,-5.841281841746189
304,284,285,1,-8.606786603820797,-5.136812249427447
305,251,259,1,-16.400453419674754,-15.474131875023524
306,282,283,1,-12.851781381965965,-11.477644894190808
307,134,329,0,-28.22643340389459,-27.942863625220532
308,45,48,1,-10.19676731565721,-8.746295093254675
309,142,143,1,-9.490444321536783,-7.085446853283686
310,342,347,1,-18.87277850169817,-18.04025957784677
311,234,380,0,-19.664808488879718,-18.89921451672862
312,65,352,0,-17.03789650653532,-16.41676326472972
313,72,79,1,-9.583904707352357,-7.882854588262136
314,41,350,0,-22.58595486492676,-22.221908809102683
315,48,49,1,-11.97712381472578,-10.44627467716506
316,228,381,0,-24.850647491993527,-24.312650435888617
317,240,245,1,-9.756547725323166,-7.569885216238992
318,261,269,1,-16.009435474089003,-15.605164637534063
319,4,259,0,-21.354579074896797,-20.729406706530398
320,29,148,0,-18.361533999482592,-17.571421633486334
321,54,239,0,-26.340768990549932,-25.79091078159787
322,137,243,0,-20.78230854443964,-20.357408785520075
323,50,51,1,-8.933351587510636,-6.229032817455328
324,136,138,1,-16.225742634465348,-15.708328605020125
325,132,280,0,-27.184822687300453,-26.68985761825292
326,143,359,0,-18.95887016313608,-18.58315090566274
327,287,315,0,-23.921048928409128,-23.555225801224164
328,116,119,1,-11.848246219995373,-10.322220589839787
329,59,226,0,-19.683051972190988,-18.895005302721067
330,341,346,1,-16.84344729088909,-16.439563428131173
331,136,388,0,-24.148847969731484,-23.641620509506996
332,222,223,1,-13.392003400008994,-12.50204183506915
333,3,65,0,-26.056785107188233,-25.534528476430697
334,239,282,0,-19.690744267106947,-18.938062514757156
335,344,354,0,-22.252645330881965,-21.855159942422144
336,123,240,0,-20.652254651616275,-19.878666439725972
337,50,54,1,-14.001227085080812,-12.659124101816596
338,78,149,0,-20.96533231279765,-20.35729683222103
339,149,323,0,-19.788467085844992,-19.06212666334069
340,59,322,0,-27.624032836997568,-27.050495677047106
341,110,354,0,-19.553258849488934,-19.135263913819504
342,40,43,1,-5.846569860504967,-3.1769322456865
343,347,349,1,-18.932902248188068,-18.336467611583412
344,315,317,1,-15.520719956587,-15.097899865320267
345,284,312,0,-25.78082126069565,-25.297971306546373
346,53,54,1,-10.756721186852458,-8.926368075385412
347,1,6,1,-18.56585741311767,-17.907392055323903
348,51,146,0,-18.164273784320496,-17.208056228992103
349,380,383,1,-12.347593347392875,-10.961698918403462
350,314,315,1,-15.106240186524161,-14.586343820036426
351,117,119,1,-13.346110169108236,-12.346642877704411
352,52,285,0,-20.31592664837986,-19.530832676392244
353,130,137,1,-17.623638110461318,-17.289078991692207
354,284,286,1,-10.187233302921106,-7.977301206374721
355,283,287,1,-13.016223149465118,-11.906431939230814
356,333,359,0,-25.686595540381074,-25.34628770109192
357,215,234,0,-19.21817254210362,-18.71432681104065
358,331,334,1,-15.179446455066213,-14.456747709235014
359,22,341,0,-19.055306929538073,-18.425917495951968
360,249,343,0,-16.79063470291924,-15.86503872288089
361,141,147,1,-16.17518844117659,-15.403152608366323
362,242,247,1,-15.465374964715833,-14.436763427791915
363,122,127,1,-14.753016159321506,-13.868100619147468
364,133,138,1,-19.760747864996777,-19.42261342192744
365,217,219,1,-12.528531322655278,-11.147025219041462
366,242,245,1,-8.872924300561913,-6.6449788852061005
367,74,110,0,-19.456617947783844,-18.892322997170282
368,135,137,1,-15.257340835583184,-14.570130415543712
369,224,347,0,-21.381734064891408,-20.801701863812994
370,74,79,1,-13.173932691320326,-12.255793905703317
371,285,289,1,-12.636215990123123,-10.930083761670932
372,7,8,1,-14.430324750029326,-13.539102179891875
373,237,256,0,-24.84878060024471,-24.32855487131503
374,263,267,1,-18.35825142306658,-17.506695647674896
375,211,305,0,-18.448245690145917,-17.61460600644647
376,325,350,0,-23.68502234221851,-23.40248738441411
377,127,336,0,-26.539823886273986,-26.21931711838798
378,110,119,1,-13.193041378099123,-12.255059964110231
379,70,79,1,-16.93365871395058,-16.34019099165198
380,49,132,0,-25.86049909672053,-25.343673176057507
381,251,254,1,-16.37034388835087,-15.541939173791473
382,312,319,1,-18.690877475461775,-18.014752454731216
383,144,242,0,-16.381467009563178,-15.328502973209938
384,211,213,1,-13.13555652923781,-12.176825006632772
385,135,139,1,-15.59054805832294,-15.270828516974138
386,333,336,1,-12.950876133405089,-12.203745097614588
387,310,319,1,-17.530304140000315,-17.021746502258104
388,126,223,0,-23.264769165472842,-22.77649400833902
389,77,79,1,-11.232787137762791,-10.031429801518177
390,54,211,0,-30.201385026862567,-29.655510206324735
391,220,228,1,-11.813049331692685,-10.352121589848922
392,141,148,1,-10.755495467159985,-9.182323387869435
393,249,306,0,-19.34118255811738,-18.72164985755011
394,115,146,0,-20.146018358742698,-19.46531265780128
395,347,348,1,-21.033438769135522,-20.58795140555263
396,327,345,0,-22.481571235998157,-21.917491339490216
397,58,79,0,-25.556385159448745,-25.20907735303667
398,345,348,1,-21.515219027688733,-20.981074736544652
399,252,254,1,-15.843599793461916,-14.810358487808415
400,67,122,0,-25.375162331775627,-24.919535730692914
401,138,357,0,-22.730656918374866,-22.374557326279554
402,227,243,0,-23.498361128921104,-22.96704798266229
403,59,218,0,-31.039697821326406,-30.496414438807754
404,28,212,0,-21.857157000631624,-21.16289446001348
405,285,286,1,-10.450239902842304,-8.33268621838645
406,76,77,1,-15.721017815089217,-14.914548868520011
407,41,348,0,-20.961175333725663,-20.47216183735965
408,123,334,0,-25.684781625899493,-25.150331599420547
409,130,233,0,-25.98498888320588,-25.644148429708565
410,268,269,1,-14.055295212195773,-13.358074256782043
411,3,221,0,-26.04676389316518,-25.59558929325938
412,114,125,0,-19.540865307305125,-19.061876966900055
413,21,25,1,-14.61004002189793,-13.42406745353181
414,128,129,1,-11.668232938221177,-10.20256320303589
415,20,226,0,-18.04051452056791,-17.21072445886562
416,6,116,0,-22.51044750146554,-21.999074968784843
417,62,67,1,-14.046783772432445,-13.421374060616078
418,111,260,0,-21.56617983511204,-20.84944365689534
419,20,118,0,-16.214039239733467,-15.246566330681878
420,66,219,0,-24.838652586070165,-24.285384042549794
421,64,69,1,-13.467657536302088,-12.92702084186197
422,0,233,0,-19.08070457690512,-18.322966868929893
423,4,144,0,-24.844076225183883,-24.28531975653039
424,65,67,1,-12.541146690579488,-11.347804873060408
425,213,215,1,-14.020420936492288,-13.468728955817935
426,146,212,0,-18.005266498252492,-17.095301976265034
427,247,280,0,-23.806023033790733,-23.168881237201546
428,281,289,1,-12.041597542266233,-10.51415156043311
429,124,283,0,-23.92432574830435,-23.277262247532008
430,60,282,0,-22.110977147218712,-21.436101539172594
431,26,28,1,-14.067147067958567,-12.827629413478487
432,218,219,1,-10.514126482754948,-8.78256592849631
433,50,72,0,-23.03647445119879,-22.3748719741093
434,1,8,1,-22.21777692214372,-21.82176007724077
435,113,330,0,-24.91165006706802,-24.447831048618763
436,312,318,1,-17.03879377316585,-16.343278017706947
437,147,247,0,-21.00830298778476,-20.398109525630165
438,322,326,1,-11.723299485278085,-10.048405637475847
439,49,111,0,-18.55982860222355,-17.74078172199244
440,20,125,0,-18.205733581398754,-17.680359409761024
441,78,354,0,-23.887511907622095,-23.57780689862742
442,23,26,1,-13.242164462927164,-11.953843863536251
443,123,128,1,-16.700811226896185,-15.944396366271494
444,111,117,1,-15.16483611175781,-14.243807508062364
445,1,9,1,-19.616718119565874,-18.89635395255283
446,280,289,1,-10.260501919065444,-8.210414995087884
447,131,328,0,-27.38466853646347,-26.900553516428538
448,5,8,1,-21.06595002445609,-20.653281185027687
449,112,115,1,-15.957386571196825,-15.0569302379975
450,225,226,1,-9.465050347703738,-7.816695540176116
451,261,267,1,-20.267874924873382,-19.674294796947905
452,140,145,1,-9.376696447443708,-6.243616921142244
453,21,305,0,-18.592146232786288,-18.036091171103873
454,126,148,0,-19.522791415729525,-18.78928337941481
455,142,316,0,-17.387065249356322,-16.802729343967048
456,251,257,1,-15.981299646407104,-15.104500081202794
457,137,139,1,-17.75878544244499,-17.467255995474677
458,43,47,1,-16.110405935882728,-15.411615503793508
459,263,264,1,-9.419050573661355,-6.948398073702436
460,131,246,0,-23.939877179105473,-23.38228197089448
461,114,116,1,-11.907858833234451,-10.652997692176518
462,248,255,0,-15.2871441529386,-14.114471611223458
463,4,132,0,-24.821624662913234,-24.375057491455596
464,72,332,0,-28.18501652254128,-27.81227097549308
465,64,65,1,-15.699773926629195,-15.06325289961912
466,317,332,0,-23.08712380243407,-22.788373599417127
467,344,345,1,-19.710839141203095,-18.971379827339646
468,45,123,0,-16.923392045294463,-16.13469030881221
469,5,319,0,-22.31367280977546,-21.800062616351877
470,126,305,0,-23.883459274523688,-23.39118436272906
471,60,334,0,-28.477576268916742,-27.866710831969115
472,387,388,1,-13.617724684219013,-12.643722982670939
473,74,114,0,-23.357622069048645,-22.908865221591338
474,74,220,0,-20.80236910283702,-20.1949652216808
475,23,354,0,-22.570177046467197,-22.123440934554715
476,144,147,1,-15.17065996095626,-14.156663113657123
477,54,266,0,-26.894942536194442,-26.441648043989023
478,251,258,1,-14.091424916500918,-13.044932672931578
479,221,229,1,-15.394943030767013,-14.682888115531222
480,343,349,1,-20.99176124372901,-20.419240518145877
481,41,345,0,-16.420253191939377,-15.501024839441204
482,300,304,1,-23.48452852356411,-23.055826438502297
483,60,68,1,-10.527807475828011,-8.79945906442698
484,143,325,0,-19.360565376556934,-18.855332880942253
485,144,285,0,-15.063386076997743,-13.76580325117714
486,120,128,1,-14.030459457583918,-12.926871784659578
487,212,218,1,-11.535390190083442,-9.75434770674318
488,383,388,1,-13.990240342793374,-12.923941878637672
489,351,358,1,-18.147166059574396,-17.9393644757573
490,113,266,0,-20.060679713390584,-19.512937510090687
491,130,134,1,-13.228774379607007,-12.776220647294146
492,52,348,0,-24.390383225022255,-23.974355044233505
493,311,314,1,-15.373295266131457,-14.800321199730547
494,357,359,1,-18.59619884903683,-18.291241439594177
495,324,328,1,-10.96055242620242,-9.18171753286247
496,2,4,1,-19.376173674990373,-18.774998875715102
497,226,235,0,-19.249821383245333,-18.508665108480184
498,310,311,1,-16.289377539880434,-15.81048736625524
499,122,387,0,-26.901805118460043,-26.402004202424692
500,230,232,1,-14.39845200424097,-13.057456660693688
501,354,356,1,-20.280424257594703,-19.97779982864827
502,54,216,0,-29.71893760436085,-29.16986061357576
503,210,259,0,-23.763601786656977,-23.12935139769815
504,133,134,1,-10.962055031041567,-9.143780339346442
505,118,356,0,-20.639482048674413,-20.032619597845365
506,74,351,0,-21.972468087558138,-21.570030548514044
507,300,306,1,-13.669606576486412,-12.80056319056542
508,352,356,1,-16.028150084427246,-15.324441282083608
509,7,131,0,-23.55321995835679,-23.00043398359307
510,121,125,1,-14.924470082460573,-13.992642473501014
511,141,145,1,-17.51127901990686,-16.549690911281072
512,336,337,1,-17.37186660715607,-16.774885368691972
513,237,343,0,-21.34032461543213,-20.724566536955876
514,43,49,1,-15.328671932223273,-14.309300920816566
515,144,254,0,-19.09112463374267,-18.23246861109426
516,286,334,0,-25.292264341242184,-24.702348084817686
517,60,65,1,-13.391499197291754,-12.438585243538169
518,241,389,0,-24.450693271804308,-23.836166098461533
519,0,2,1,-15.177813211656845,-14.150089611543812
520,351,353,1,-18.560107572037854,-18.113703086929753
521,2,75,0,-19.663909422679325,-18.989275989438134
522,22,23,1,-15.114218434415635,-14.130598660363582
523,66,344,0,-22.2478760612377,-21.5509318594634
524,329,337,0,-20.08867371169515,-19.457499405133586
525,281,284,1,-15.254722597487525,-14.25161959688395
526,130,285,0,-26.048287234176687,-25.645084523726833
527,212,350,0,-26.84337001258591,-26.431716367610676
528,222,334,0,-26.542619707863356,-26.013058975562767
529,52,385,0,-25.64061699881926,-25.173480005063055
530,47,138,0,-25.71983329239671,-25.374234806635556
531,382,384,1,-13.834076764251089,-12.814886536361508
532,49,239,0,-24.002659966894978,-23.356045725663094
533,49,262,0,-21.835353763862695,-21.085839407073443
534,45,46,1,-12.31631467835168,-10.79935961206829
535,144,230,0,-18.009237365094325,-16.965439024660917
536,320,327,1,-16.298677150643176,-15.56915177329252
537,333,334,1,-10.550640951130994,-7.94220993850454
538,0,3,1,-21.19759816209908,-20.624872131542777
539,210,317,0,-24.219730222726774,-23.824488581641734
540,111,112,1,-12.301229242704355,-10.823917147888848
541,282,286,1,-13.334075993233514,-11.898672251766925
542,58,243,0,-24.844014700077647,-24.437685502252045
543,306,349,0,-22.477079511628318,-22.087642019606307
544,69,330,0,-25.904888004541615,-25.56707810599029
545,216,219,1,-14.905018588341616,-14.137747617813579
546,21,282,0,-20.958304493716142,-20.306130954376183
547,222,280,0,-16.318543762522253,-15.354346375216341
548,282,287,1,-13.708907022758734,-12.546658616753193
549,128,252,0,-15.468765489440873,-14.617318431023
550,281,347,0,-23.334819514375727,-22.67077311623549
551,143,233,0,-17.91275906729478,-17.117231456150527
552,130,281,0,-27.975546656790534,-27.631779403727318
553,355,358,1,-17.411574029373778,-17.15074985733529
554,356,386,0,-23.38509841934928,-22.903389623599477
555,40,319,0,-20.207478082690308,-19.591549649854425
556,310,313,1,-17.044355406001173,-16.775613458680912
557,121,126,1,-14.70560832211181,-13.828726139362978
558,310,317,1,-15.422809534860978,-15.045113257617519
559,62,388,0,-24.884387493396623,-24.433171646459076
560,147,267,0,-19.08151890215704,-18.414976197433546
561,23,25,1,-15.137986294359152,-14.153515445115653
562,257,259,1,-7.369922522252667,-3.903028295425879
563,288,303,0,-23.726477444348063,-23.21798147701623
564,260,269,1,-12.406270604536209,-11.287389428583973
565,47,49,1,-13.600374021146791,-12.33216285445968
566,57,58,1,-13.787011862040154,-12.756928207460183
567,57,261,0,-30.252066188110902,-29.867148562275514
568,117,382,0,-30.12353413777734,-29.73770681380813
569,48,283,0,-21.790197289193532,-21.108251471799843
570,281,287,1,-14.744072244860112,-13.83654347813324
571,20,25,1,-12.680792035555262,-11.44180302900295
572,232,239,1,-11.584181369816054,-10.230700901073865
573,235,265,0,-19.971938207741257,-19.412185638867424
574,70,71,1,-7.2642654047487145,-5.066667854173118
575,67,69,1,-18.080197581761503,-17.639983082297135
576,214,316,0,-21.975644792941285,-21.652183746867454
577,56,57,1,-11.805055043947414,-10.330270286133432
578,4,227,0,-26.699112574040207,-26.339276244644168
579,342,353,0,-24.429290627011397,-23.968410949337127
580,262,269,1,-13.90675423445284,-13.0947183137916
581,310,382,0,-30.596565212450045,-30.332724297013545
582,301,303,1,-13.768521197250704,-13.167997805209474
583,282,285,1,-15.24751077425375,-14.123356360671199
584,239,312,0,-26.445865251004168,-26.0192154614861
585,223,318,0,-23.416650048472096,-22.883833188779775
586,70,76,1,-10.450522107492562,-8.867932346051047
587,58,326,0,-26.555613680282974,-26.19217748982349
588,43,213,0,-22.716747407647805,-22.273885160868783
589,285,288,1,-17.517080143356562,-16.618558760197246
590,322,358,0,-25.494097893198482,-25.132005462206724
591,218,261,0,-24.226734492192957,-23.655920690909344
592,63,66,1,-14.757457517045465,-14.050173323595672
593,322,324,1,-14.273595129452655,-13.101757746848962
594,4,6,1,-17.760983806653346,-17.196503709335257
595,383,389,1,-13.552871773888274,-12.498450000059755
596,139,217,0,-18.741160149239732,-18.16534466534046
597,237,239,1,-14.81029610700152,-13.97578362561591
598,72,75,1,-8.459103734069751,-6.218056892793428
599,304,348,0,-23.588952197182994,-23.410683594248557
600,2,3,1,-20.916122660748872,-20.316529370446823
601,346,388,0,-25.25496689569825,-24.85530669307163
602,41,227,0,-21.453443157613606,-20.882413487210727
603,253,257,1,-9.214205486927147,-6.8412367748601515
604,265,280,0,-23.644906747158156,-23.1395194392127
605,344,349,1,-13.135091235545508,-11.900993018742954
606,239,261,0,-24.3069868422101,-23.846977542357163
607,264,319,0,-19.603575334435153,-18.899024439734156
608,244,351,0,-24.105039555684183,-23.636549188738364
609,70,259,0,-25.72221127896506,-25.212234083742786
610,77,130,0,-28.954982957088287,-28.639855357622643
611,147,241,0,-20.12492177899843,-19.536199769429743
612,113,115,1,-18.52348798522895,-18.071664548012862
613,65,69,1,-15.237218218121285,-14.667219859120706
614,50,312,0,-24.516655009820823,-24.017663770230044
615,76,325,0,-25.216034020674975,-24.73639465442544
616,112,119,1,-16.02828091438795,-15.183385537278099
617,356,357,1,-16.6062935276637,-16.038064399154646
618,24,28,1,-18.050736851958085,-17.315202296648565
619,124,129,1,-7.886617025796296,-4.380428301015487
620,7,388,0,-31.72217399568443,-31.31229227944112
621,133,149,0,-23.583299258247493,-22.998364120239692
622,231,305,0,-19.586476671853163,-18.70015487900916
623,135,380,0,-21.833086590151623,-21.31815338808123
624,236,287,0,-19.269410311676303,-18.558342423146357
625,127,128,1,-13.567765925402506,-12.584199260381727
626,28,47,0,-17.171498536136983,-16.340352584818806
627,340,345,1,-19.726803619716048,-19.186701110015797
628,244,249,1,-17.68182547898467,-16.883614247048424
629,70,121,0,-24.670430060999227,-24.14226265782444
630,112,281,0,-23.779693965488416,-23.13452860144649
631,2,6,1,-16.41784180534466,-15.576396101303988
632,226,229,1,-12.459873595400499,-11.116677877449723
633,125,129,1,-13.4939311305048,-12.656996088002442
634,227,351,0,-18.78865279633581,-18.375973027982294
635,243,330,0,-21.37197480050218,-20.904299885159983
636,328,383,0,-18.905253374356434,-18.156162316889457
637,129,239,0,-24.752532380038257,-24.210582060020432
638,113,118,1,-13.925687126105014,-12.901778257069012
639,242,388,0,-24.26319317000481,-23.647867752859042
640,43,313,0,-18.947375526311358,-18.48536055827107
641,41,234,0,-21.25792854044046,-20.629753702382438
642,48,56,0,-16.90044804280876,-15.957144396165168
643,266,267,1,-13.986588164845223,-12.975980616833978
644,384,388,1,-9.850588001643885,-7.524069719218051
645,254,256,1,-17.878041342587643,-17.214365421607447
646,62,64,1,-13.413862051661502,-12.738520972178216
647,4,7,1,-15.913698228679124,-15.055778473104361
648,51,55,1,-12.324388532294172,-10.46135585725128
649,256,258,1,-14.225102248557855,-12.936921520506127
650,284,288,1,-16.61527730353384,-15.551286049134387
651,40,41,1,-10.59236570950167,-9.3172288565706
652,262,267,1,-19.28284561420269,-18.512636145993824
653,343,346,1,-15.511780382820863,-14.551025031571942
654,46,49,1,-15.125081481582548,-13.876269980801222
655,341,343,1,-11.733833079762231,-10.195966958710347
656,222,359,0,-23.816465568731953,-23.50382037034387
657,8,29,0,-21.76697787339295,-21.215332566879564
658,250,253,1,-13.95377429672945,-12.866874774727115
659,57,326,0,-25.205891996575975,-24.602129035445955
660,62,69,1,-14.75864599943211,-14.222938352954987
661,70,78,1,-12.295356866373575,-11.055505315186757
662,3,265,0,-29.311668364512293,-28.955817791019552
663,75,78,1,-11.877784202638322,-10.502767256808927
664,135,230,0,-22.853519575641883,-22.314902360459833
665,385,388,1,-14.831853606344255,-13.896912649697219
666,70,75,1,-14.661413250734276,-13.679850047087076
667,69,79,0,-21.241937979475043,-20.78407611481312
668,224,313,0,-25.34110497040797,-25.01482763795109
669,240,249,1,-9.425942977654797,-7.224693954491619
670,114,117,1,-16.161984717841616,-15.453550232676234
671,118,141,0,-18.729542226364526,-17.878930856407663
672,75,77,1,-12.08384490116003,-10.535904230401277
673,263,330,0,-23.190225164465403,-22.669351688041907
674,56,64,0,-23.102941994245707,-22.56172846539035
675,266,304,0,-25.246673291752685,-25.047252859986987
676,258,348,0,-20.247947264545367,-19.586193380916587
677,307,308,1,-13.027132696388309,-11.705474179492118
678,280,385,0,-15.397064213750017,-14.446682033115549
679,246,248,1,-8.859518184416155,-6.745753114326732
680,20,27,1,-13.616271203441029,-12.579143531957214
681,287,385,0,-18.649659566371845,-18.11592293492957
682,353,355,1,-19.365374110383453,-18.902162117492683
683,220,230,0,-19.611867036648093,-18.76624613646379
684,306,309,1,-22.515113467035874,-22.231972384814107
685,313,315,1,-19.08851167134842,-18.82791804540625
686,132,139,1,-17.138698306923704,-16.714301747126246
687,304,307,1,-22.525848307955922,-22.027728991703647
688,252,301,0,-24.00615067171187,-23.6446154480398
689,125,127,1,-15.21628047186673,-14.597328621853315
690,51,53,1,-13.673759265635256,-12.568307657911852
691,244,247,1,-10.095426675658484,-7.847171024654094
692,240,247,1,-16.529919748812077,-15.630685836073033
693,117,356,0,-20.858058562378396,-20.315022642270534
694,2,222,0,-26.378918496317034,-25.921717724443884
695,125,147,0,-22.496120564697264,-22.111099949593676
696,73,79,1,-12.479129813930916,-11.211294260390968
697,350,355,1,-20.81509709131301,-20.54921949680409
698,136,356,0,-25.945680818990915,-25.589095224850542
699,329,345,0,-24.356488326674356,-23.788960626867492
700,130,138,1,-19.810542198172698,-19.533262253074998
701,130,135,1,-17.33944752504401,-17.04614837914236
702,110,350,0,-19.769449639297438,-19.331957251623518
703,239,319,0,-22.37644616684121,-21.75151993814858
704,318,355,0,-20.606877562193567,-20.129738595389316
705,114,231,0,-22.377314483347362,-21.729022200739685
706,135,146,0,-21.639623096039763,-21.18366369144213
707,381,387,1,-13.588634109752137,-12.402726158703729
708,51,57,1,-13.742379658455361,-12.28124646225679
709,253,256,1,-16.74047604369261,-15.909945812175112
710,353,357,1,-13.01748596125586,-12.247880904023468
711,138,304,0,-25.456239893077818,-25.243083456144944
712,227,306,0,-17.0810444063972,-16.436495955021314
713,262,268,1,-17.594463356321306,-16.903644001595396
714,328,329,1,-16.88448179227666,-16.14333235300795
715,29,241,0,-16.472022391592947,-15.60989583739956
716,221,222,1,-15.488566146146914,-14.753601699363148
717,20,351,0,-20.264751953181538,-19.777815800129456
718,130,139,1,-17.428649334822246,-17.205368833785744
719,73,316,0,-22.241874234481887,-21.887589594561835
720,223,228,1,-11.300271577361606,-9.881547433442243
721,115,255,0,-15.469232279646162,-14.705088035628009
722,322,327,1,-14.46966518247729,-13.484658207304367
723,228,305,0,-19.812288044745372,-19.13177753631485
724,29,237,0,-21.593987079241767,-20.918164485595266
725,342,343,1,-17.50215247588902,-16.477597152838293
726,54,384,0,-29.12218636123312,-28.559306611923613
727,22,24,1,-17.287612988361534,-16.645668318513888
728,267,269,1,-15.517513715723453,-14.794026167537675
729,311,380,0,-28.680788669277398,-28.225181299096555
730,228,308,0,-17.03699124356799,-16.12215049373019
731,288,318,0,-27.438496341319198,-26.96361244178684
732,211,282,0,-16.151511047949786,-15.043125674326998
733,117,147,0,-21.159787495220414,-20.6125940875247
734,321,322,1,-10.305678979995141,-8.650041229419898
735,27,64,0,-20.57694405262303,-19.99279532446052
736,286,289,1,-11.22390254910809,-9.329065280914264
737,235,237,1,-8.896288642381904,-6.47230295747214
738,321,329,1,-4.919951484191055,-2.2321720443495123
739,60,355,0,-19.999362333579935,-19.363985684418147
740,24,241,0,-16.758165963471072,-16.022394904487275
741,305,309,1,-20.49175889165024,-20.0845879164878
742,327,329,1,-13.034856279459897,-12.169396841441658
743,140,146,1,-17.752738115367062,-16.85671589916983
744,323,325,1,-18.781935506143174,-18.099382450493454
745,44,141,0,-17.182641583370284,-16.268740210060198
746,380,388,1,-13.693738527544738,-12.481537442623138
747,310,318,1,-15.794551871080936,-15.267426142266698
748,123,281,0,-26.3346766114509,-25.7766501418705
749,7,136,0,-24.957551089018487,-24.509477998033493
750,334,336,1,-11.258081467388191,-10.122096087584373
751,43,323,0,-24.319137972660403,-23.764054043256863
752,304,329,0,-23.600273761080224,-23.264357076338598
753,303,308,1,-22.29018747049423,-21.702525845023352
754,311,317,1,-14.450907434982394,-13.752516108506283
755,7,29,0,-19.69147890467391,-18.901523263802954
756,58,221,0,-22.00220441548475,-21.638913896874175
757,210,219,1,-12.429652518959966,-11.515275190888666
758,117,135,0,-22.722344798198364,-22.26502523080558
759,27,249,0,-15.732498510096635,-14.767724891461452
760,222,383,0,-22.547989271942907,-21.905814395920732
761,55,147,0,-24.612589959705538,-24.017920045151676
762,4,288,0,-33.83520797891983,-33.46089872176868
763,5,6,1,-15.684667043829803,-14.803250955193406
764,212,289,0,-15.00332182462123,-13.7296434449795
765,309,389,0,-22.1857693806959,-21.815744055979156
766,261,263,1,-11.6095485139141,-10.38748826568041
767,380,385,1,-15.78518136888284,-14.824172201304762
768,44,48,1,-11.311094680913234,-9.86464018506484
769,64,307,0,-21.92124682092483,-21.348226978074358
770,67,354,0,-18.636510368202917,-18.312855172794844
771,225,334,0,-26.127987584925105,-25.62858103369246
772,212,216,1,-10.180533576982956,-8.179521490290734
773,214,216,1,-13.684472302971237,-12.735605943034635
774,220,322,0,-22.582834165299055,-21.878356692689415
775,59,335,0,-30.44423934267761,-29.98030703755829
776,141,313,0,-21.906890061766113,-21.468168172235025
777,142,220,0,-20.245092282261613,-19.384716549060148
778,65,261,0,-24.070394307071943,-23.648642521827753
779,49,139,0,-26.59659339743946,-26.229832670947452
780,142,212,0,-17.977621883461428,-16.962911915101078
781,340,341,1,-16.45987747785658,-15.65238636636173
782,222,225,1,-13.789237228966613,-12.946100287252245
783,211,264,0,-23.016073156431283,-22.320402935097924
784,385,387,1,-16.967880733190253,-16.30233425367896
785,67,149,0,-18.891241276634943,-18.2776744158651
786,69,216,0,-23.348425660693334,-22.947135635023688
787,119,129,0,-18.195948695152474,-17.355049810098627
788,118,223,0,-21.585987736481172,-21.011190738210928
789,350,354,1,-13.054911568249455,-12.59949990166697
790,325,346,0,-24.285932636145947,-23.9742658487401
791,221,280,0,-20.683236428603788,-20.063326637257667
792,327,344,0,-26.637943213777017,-26.176300406949874
793,131,138,1,-19.234441935855095,-18.792629335238026
794,250,256,1,-13.591575614006,-12.343552002363495
795,41,44,1,-14.672742917333204,-13.608785457285482
796,20,21,1,-11.432851350401878,-9.896296040854699
797,332,337,1,-12.937553610470415,-11.95431031888599
798,131,139,1,-16.865731162013834,-16.41879125486181
799,215,321,0,-17.941488538194722,-17.439818189209255
800,223,226,1,-10.25499221720436,-8.686613132156994
801,74,224,0,-25.5380526300595,-25.061852494079275
802,331,335,1,-11.953084306807215,-10.794242240282637
803,27,269,0,-20.09750601670942,-19.62886385698196
804,22,29,1,-10.11489965327986,-8.056314050395184
805,288,289,1,-13.467856957120704,-12.24801231965679
806,211,215,1,-11.70900496509054,-10.193566092184703
807,231,234,1,-13.125948290202652,-11.690224601167074
808,286,335,0,-22.065034045711634,-21.36119286513992
809,7,357,0,-23.545148557632086,-23.09528452934255
810,228,355,0,-22.219933958337688,-21.70373147426227
811,352,359,1,-18.507159664022975,-18.122863825552606
812,350,359,1,-20.822537888279445,-20.697583201043795
813,383,385,1,-13.489323819715745,-12.395333371604904
814,45,249,0,-16.37180278901533,-15.479449723233397
815,123,126,1,-14.568561460795198,-13.669576526315298
816,246,249,1,-9.78890955394016,-7.701808435499144
817,353,359,1,-19.002388896509515,-18.673982886032245
818,0,4,1,-20.211911528425237,-19.645290516128973
819,249,287,0,-21.779239296454254,-21.181706492234063
820,302,314,0,-21.194300316130384,-20.723733930976717
821,243,336,0,-22.90232885461378,-22.448941961489584
822,42,49,1,-14.757761033793551,-13.626419000410577
823,1,4,1,-15.320371949088226,-14.20368676118249
824,21,28,1,-13.308227713331133,-12.110865684826074
825,301,305,1,-18.70997547305686,-18.31934824886688
826,330,331,1,-11.377317133670584,-10.575403966634767
827,250,259,1,-15.995990971843515,-15.018465820568775
828,302,309,1,-13.212419206556346,-12.638083031512881
829,43,44,1,-12.805686975826251,-11.321188442559516
830,50,119,0,-22.70221529221766,-22.097339357017535
831,23,147,0,-19.837499150628005,-19.189092956065387
832,306,307,1,-14.969777555260674,-14.103997076657793
833,211,218,1,-9.836441968944516,-7.344293948187061
834,24,60,0,-23.67052608822708,-23.046855679422467
835,42,45,1,-13.488122875018174,-12.54135800539923
836,320,323,1,-14.424678080770612,-13.334838442726845
837,74,359,0,-21.435625260554797,-21.131269777677623
838,333,335,1,-14.460650137252292,-13.445557704550998
839,63,380,0,-25.815850979902077,-25.330117056898768
840,147,239,0,-17.914829673358856,-17.423331436746132
841,0,335,0,-25.41089886654513,-24.81624901502211
842,137,213,0,-19.428180606010756,-18.992919897700922
843,341,347,1,-12.986877558804506,-11.823626206154302
844,355,356,1,-11.97446056575038,-10.754182599020927
845,239,327,0,-19.523398163021387,-18.9448739387131
846,29,135,0,-20.72893077381596,-20.125347824434687
847,243,246,1,-14.611343066063174,-13.549913093833819
848,308,386,0,-16.28690342300803,-15.342927666744405
849,345,349,1,-20.49970838644764,-19.969555511138157
850,77,78,1,-14.065632169240226,-13.20243397733487
851,71,380,0,-23.603933810358257,-23.022096438077988
852,5,255,0,-22.34173824000497,-21.75055505969532
853,137,138,1,-16.52413983756693,-16.128913941744432
854,0,144,0,-20.481418318437047,-19.69549437864354
855,210,232,0,-20.0381078187393,-19.402267899928432
856,69,70,0,-23.913832840883686,-23.555898202293683
857,263,269,1,-13.834137381116502,-13.09517553090347
858,221,265,0,-21.82574326981187,-21.41231500721362
859,383,386,1,-14.814197151953206,-13.883019003187686
860,46,244,0,-12.506964280832293,-11.227310812542573
861,26,137,0,-22.211306219013256,-21.75109109519794
862,120,340,0,-20.291312679780216,-19.744209071721183
863,340,347,1,-17.550266683490594,-16.748508230687772
864,382,389,1,-13.965009141134026,-13.088287036986214
865,3,4,1,-16.886224763100465,-16.08460598572716
866,351,356,1,-14.691347977315973,-14.118257903441652
867,254,258,1,-14.921855576507692,-13.940390842817969
868,255,332,0,-23.89450081273444,-23.38039658316035
869,60,259,0,-20.695664920617098,-19.88810501877032
870,325,327,1,-17.76412650174982,-17.14592344859236
871,252,257,1,-15.47940750771857,-14.568072038913698
872,143,330,0,-19.360513815984348,-18.80236072637777
873,116,118,1,-14.2784565312615,-13.32519500181847
874,62,354,0,-17.212615104716555,-16.744055872592593
875,223,227,1,-16.545755643107597,-15.945908358332671
876,248,357,0,-22.617624427944097,-22.0782981735818
877,246,321,0,-24.566770456147808,-24.067456694640306
878,304,308,1,-22.52119310484703,-22.09755942322613
879,353,358,1,-15.081552865762879,-14.712893079737356
880,126,149,0,-19.718650612318246,-18.99181060111177
881,229,307,0,-17.339788609101735,-16.503390345992084
882,78,335,0,-28.355065723087588,-27.89418611324485
883,327,380,0,-18.781530635687727,-18.036146064408932
884,314,319,1,-16.09395907933502,-15.471699643148602
885,341,348,1,-22.790523014867208,-22.42485457434744
886,263,265,1,-19.41644207242514,-18.827597434578927
887,112,114,1,-14.837426259780633,-13.91904432964619
888,338,339,1,-8.11789362002474,-4.431470546884371
889,110,313,0,-21.0504635696121,-20.642206756632962
890,236,250,0,-23.525302315565227,-22.93535377795255
891,323,327,1,-14.263050720359844,-13.426564176402152
892,3,7,1,-16.965670402348508,-16.099247553396076
893,285,387,0,-16.687127079584286,-15.785506424294265
894,227,228,1,-16.039102932083313,-15.259550146006234
895,144,146,1,-9.513265041280718,-7.3349792509680585
896,112,235,0,-24.203985763324248,-23.67618665429942
897,231,322,0,-20.08532934839335,-19.16003232654407
898,59,264,0,-30.134871404161586,-29.625120116486904
899,320,324,1,-12.688058656500424,-11.119473949986736
900,9,300,0,-26.676961351799623,-26.252740836606907
901,236,256,0,-21.883367574890205,-21.2349083470458
902,51,56,1,-14.102234647489475,-12.856494958806636
903,224,229,1,-17.837801357741323,-17.159683123186873
904,384,387,1,-13.847484061136429,-12.812115630247058
905,216,217,1,-9.78012347446924,-7.225696753322837
906,218,354,0,-26.9745703531533,-26.542881927813358
907,29,247,0,-18.79817785868894,-17.970934431036422
908,262,265,1,-20.296750274946124,-19.720770928699114
909,256,257,1,-16.683432831206115,-15.875856270305237
910,128,256,0,-15.781681863828501,-14.911826476678542
911,286,288,1,-16.506016630088084,-15.64346246551177
912,40,72,0,-22.169109362165457,-21.58011868760518
913,43,48,1,-15.230574483496133,-14.318162930199632
914,74,118,0,-19.828950496361553,-19.249881600603796
915,146,237,0,-19.243957748248082,-18.46744851955449
916,265,310,0,-23.02132774112731,-22.69679019864469
917,266,268,1,-15.98530662846392,-15.503104648159852
918,236,237,1,-12.542546666135532,-11.449070309904815
919,28,319,0,-19.716892863210482,-18.98228655018658
920,60,62,1,-10.25839133504169,-8.35185121779239
921,41,280,0,-22.27706007839697,-21.588612431532365
922,56,219,0,-31.235624571872158,-30.854137563702405
923,231,238,1,-12.544241112074115,-10.969194176618558
924,79,323,0,-27.729592832720673,-27.26828128337747
925,111,339,0,-26.340624779087435,-25.798660801800434
926,146,267,0,-20.16560855245925,-19.339032839608876
927,132,284,0,-26.492049484233412,-25.97110682682475
928,382,387,1,-15.660530872397073,-14.922699959952421
929,242,254,0,-17.83597840143402,-17.008453354987694
930,0,7,1,-16.535619848123854,-15.431241518290285
931,386,388,1,-13.266030064579114,-12.175749851820447
932,140,341,0,-20.80457090976123,-20.175538886748317
933,223,307,0,-18.503560482612006,-17.739593179342574
934,61,63,1,-14.585360555417617,-13.749469559448713
935,235,242,0,-21.052697561495847,-20.397573049083988
936,48,234,0,-22.644542970504183,-22.059526480568103
937,59,213,0,-30.355267999643164,-29.97712329098215
938,341,349,1,-21.293727300991492,-20.860860169372838
939,344,348,1,-13.840440666545968,-12.90028313673155
940,314,316,1,-18.617087393510474,-18.37504835189056
941,232,234,1,-19.40048632085059,-18.893032900591436
942,117,136,0,-23.772731032433505,-23.27669221420735
943,222,227,1,-14.074802421119736,-13.224222667024119
944,122,225,0,-23.91434302516236,-23.44858657390035
945,130,352,0,-28.88366798882266,-28.55476451482712
946,68,69,1,-15.05218529445452,-14.435624916210365
947,126,128,1,-14.173222270817494,-13.40006808001553
948,6,330,0,-25.89837708425417,-25.548301665845354
949,120,121,1,-9.357761993484829,-6.923257044780914
950,116,381,0,-26.10598254970845,-25.59740400480787
951,230,236,1,-9.17193914112083,-7.243398979326939
952,138,260,0,-20.98262730076949,-20.536977824166943
953,64,67,1,-16.881026833026908,-16.317123401277097
954,123,222,0,-25.875719863524246,-25.440325270819123
955,333,339,1,-15.795615517756525,-14.895241585141019
956,4,251,0,-22.213253705553868,-21.79379730359784
957,110,125,0,-17.574372656852674,-16.955730858695308
958,77,300,0,-24.45201968849418,-23.931901228736017
959,6,7,1,-16.96283793562539,-16.17246522859147
960,250,252,1,-11.036004446648096,-9.334009558037058
961,344,346,1,-20.36723546119935,-19.784011396037663
962,128,385,0,-29.140871075463807,-28.730298628422744
963,280,283,1,-11.439534671350064,-9.678735959453462
964,311,312,1,-11.147040366587627,-9.592195282185221
965,301,339,0,-18.210483754980284,-17.611839517203478
966,353,356,1,-18.63342223907845,-18.191410767886623
967,60,63,1,-11.53579943729682,-9.998036313303169
968,321,327,1,-13.380519640340864,-12.578968980236102
969,213,303,0,-21.160887757574045,-20.778752667794564
970,119,312,0,-22.979000051484743,-22.474468147983092
971,351,357,1,-16.913103178295458,-16.468937717165197
972,112,239,0,-24.61586838645389,-24.110491446798502
973,126,127,1,-6.77102540247371,-2.78753447548792
974,381,383,1,-13.96286098988332,-12.839717883656697
975,310,314,1,-13.73741151920123,-13.110072643358855
976,260,268,1,-15.787525692008552,-14.815173417782935
977,340,349,1,-19.781962083568267,-19.31375099435104
978,326,329,1,-13.531345596740172,-12.527544217041253
979,64,126,0,-23.300743892885222,-22.8821401019029
980,266,306,0,-21.086676012275188,-20.702646942264177
981,333,337,1,-15.2344093413708,-14.267536141466543
982,131,304,0,-24.506243558751585,-24.167730578198583
983,217,289,0,-15.365705163596578,-14.270726019780806
984,46,136,0,-22.009496661429623,-21.42813324961484
985,133,257,0,-22.208233538038545,-21.652753177083206
986,137,219,0,-18.65543089913252,-18.210162641242075
987,21,23,1,-16.16367835484495,-15.202959865470834
988,130,242,0,-24.855006121977095,-24.436833577066587
989,74,237,0,-22.635341982704908,-22.14079617346678
990,129,381,0,-27.432636938050045,-26.87843850239248
991,60,343,0,-23.649038421524416,-22.94135158128785
992,8,72,0,-26.647129157016636,-26.25773926621801
993,315,318,1,-12.80845177126896,-11.804515375714137
994,7,389,0,-30.406971503462838,-29.92665496571293
995,225,228,1,-10.200974892374463,-8.591852061855258
996,313,318,1,-18.278403719397776,-17.703224220248366
997,55,337,0,-30.08821637604425,-29.552071828746715
998,118,313,0,-22.267172714550256,-21.880283869064343
999,56,220,0,-19.18648038127954,-18.402470410189576
1000,63,68,1,-14.724027760036803,-14.176028813511556
1001,41,313,0,-18.972364841489135,-18.419947664375485
1002,29,282,0,-23.367576739646246,-22.696295129423987
1003,112,358,0,-21.417388368697353,-21.046005745078787
1004,308,351,0,-19.669297735036565,-19.224776773473504
1005,334,388,0,-22.20347696502734,-21.57063028245186
1006,238,359,0,-20.086424016953256,-19.63252349517397
1007,343,345,1,-14.080917786708577,-12.815750753507592
1008,213,288,0,-15.69314343698633,-14.828319342581091
1009,332,335,1,-11.976041368706422,-11.039666412477342
1010,382,383,1,-7.645079918653567,-4.922602018332817
1011,5,235,0,-23.615940374589666,-23.097182324582707
1012,248,349,0,-19.613837908860386,-19.028038924047824
1013,340,344,1,-22.04432915832586,-21.515110303880522
1014,28,111,0,-18.16809006294005,-17.33713568556107
1015,143,146,1,-17.197761963692678,-16.268906624646373
1016,22,25,1,-15.059906992720943,-14.044796855408087
1017,5,387,0,-30.01005806122386,-29.632265576801352
1018,144,286,0,-15.542442898928,-14.392326333437756
1019,73,110,0,-21.280891782955283,-20.753807716951833
1020,146,149,1,-9.028995358120188,-6.800687798221379
1021,25,26,1,-11.246145689418004,-9.753725023575738
1022,139,322,0,-26.43279840225322,-26.080236095132605
1023,248,316,0,-20.84090062200386,-20.345439036581674
1024,241,249,1,-10.075417495584508,-8.147728864585146
1025,269,284,0,-23.41946963329237,-22.947810655824714
1026,223,383,0,-22.19263733237268,-21.6191702242206
1027,129,331,0,-24.53639408362962,-24.06668238057843
1028,61,130,0,-25.980422087839486,-25.709846465540416
1029,387,389,1,-15.94690875646402,-15.121662494339228
1030,59,73,0,-26.364636072960625,-25.85867708560084
1031,134,137,1,-17.236834606487555,-16.690575331346857
1032,330,339,1,-13.831939446808681,-13.047486060366719
1033,221,322,0,-22.718394962820675,-22.152233693607215
1034,22,26,1,-15.032617026677654,-14.142706909501056
1035,251,255,1,-12.919559335597679,-11.542218625735297
1036,312,316,1,-20.754204432048727,-20.337946091267614
1037,287,386,0,-15.872596864131358,-15.008100222790404
1038,241,383,0,-26.123368440190987,-25.58009156590454
1039,131,133,1,-14.786455779964777,-14.067993464486841
1040,1,7,1,-22.462034635929754,-21.87533505451794
1041,311,316,1,-20.939549990081474,-20.632268233790658
1042,141,146,1,-10.275336221302025,-8.348263399878252
1043,247,335,0,-23.51048410684048,-22.876329479577155
1044,40,380,0,-23.987838890991743,-23.37049982174794
1045,262,264,1,-11.84108254031573,-10.713016693980318
1046,210,217,1,-9.849071894675172,-7.95722796687893
1047,224,259,0,-20.292278428185526,-19.58945772128943
1048,222,224,1,-7.39174926832422,-4.879483309173143
1049,342,345,1,-19.883531559462167,-19.12295490747754
1050,343,348,1,-21.98310175120269,-21.497304522116007
1051,256,389,0,-25.99888882353765,-25.48671555534338
1052,61,133,0,-25.527420527471364,-25.02512101642219
1053,222,229,1,-17.214779923505716,-16.42855053798226
1054,311,356,0,-22.969303012272185,-22.541311355105126
1055,148,149,1,-10.886519864000002,-9.235927522667971
1056,76,211,0,-23.684506574967504,-23.06531753405208
1057,354,358,1,-18.716517208363946,-18.602475547502547
1058,115,300,0,-22.801248741031483,-22.303689384138956
1059,52,54,1,-13.463702434493232,-12.087307683096046
1060,140,141,1,-17.664745880071248,-16.679438964366824
1061,112,136,0,-21.493539735051296,-20.876155893978645
1062,73,74,1,-13.977976081580266,-13.181935916263244
1063,223,381,0,-22.90413963469169,-22.40614914002968
1064,66,69,1,-16.177331698538335,-15.456041460880572
1065,136,389,0,-23.03500560238201,-22.490819071900013
1066,144,224,0,-18.15551856504958,-17.29801451275625
1067,282,300,0,-18.987866993110345,-18.21808165789949
1068,149,224,0,-17.772359939723767,-17.070985972565147
1069,126,129,1,-12.545460068331511,-11.43708876562535
1070,59,131,0,-33.00876135644164,-32.60848158757722
1071,62,230,0,-18.552762123854233,-17.682748865400008
1072,62,68,1,-11.357218478035408,-10.030119761791443
1073,110,118,1,-12.895256909512506,-11.76922467916576
1074,214,251,0,-23.613476291255694,-23.00473558319568
1075,235,388,0,-20.986529951951187,-20.328220147497685
1076,42,120,0,-15.978014535878504,-15.0098654081743
1077,352,355,1,-17.394888265630968,-16.744402224368535
1078,61,69,1,-13.107761147029665,-11.813463683763521
1079,22,242,0,-15.104166225409765,-14.155399081205072
1080,58,289,0,-27.952118252437128,-27.504169196544613
1081,53,55,1,-10.720427605472924,-8.90952120091669
1082,229,340,0,-19.616081589601205,-19.038303175235562
1083,342,344,1,-13.408979699711594,-11.662330801218896
1084,234,239,1,-17.785977723495208,-16.96211379115019
1085,67,258,0,-20.216552794833547,-19.587920134305243
1086,146,321,0,-20.283635677930533,-19.663398629715527
1087,124,126,1,-13.150377814611733,-12.15995427917862
1088,3,5,1,-13.833230781296855,-12.378030644228707
1089,231,244,0,-23.8806101900584,-23.1825860643811
1090,50,319,0,-24.26638464893361,-23.626322099407297
1091,250,255,1,-10.167875408330923,-7.975525761122413
1092,128,233,0,-22.433170304986472,-21.83985124863518
1093,54,302,0,-27.828488145054035,-27.277285597649875
1094,301,302,1,-13.427936987934949,-12.697352688796542
1095,26,29,1,-15.513420673045902,-14.517317066430667
1096,343,347,1,-13.212205683943106,-11.772323554313783
1097,40,311,0,-18.91283372741,-18.345756594735846
1098,220,223,1,-14.285465878079005,-13.341696461091878
1099,239,259,0,-22.542865176116745,-21.858426983740507
1100,140,143,1,-9.688802098126478,-7.2748814120137
1101,26,288,0,-23.706351323977408,-23.131362024321948
1102,222,264,0,-26.86099378119846,-26.40416011656656
1103,350,352,1,-16.873114225998172,-16.37826813384127
1104,142,148,1,-16.414830022367706,-15.338783984977512
1105,136,259,0,-22.984464841477593,-22.463024298135554
1106,134,139,1,-18.94205872308983,-18.686240301043984
1107,76,79,1,-15.247762129692372,-14.32495323686794
1108,218,351,0,-22.203183645929702,-21.61803383919714
1109,42,301,0,-22.556636072187633,-22.10760335556764
1110,331,338,1,-13.468146415795182,-12.675068348688587
1111,52,58,1,-15.817407981966246,-15.038388996057634
1112,330,337,1,-12.232957061256156,-11.370312887189115
1113,224,355,0,-23.071867680784937,-22.618857933040132
1114,354,357,1,-16.819651907457605,-16.317738616635076
1115,331,336,1,-16.348078550292467,-15.91859242924805
1116,29,383,0,-26.719807618984365,-26.172893369982525
1117,3,282,0,-32.57563664482851,-32.13191401532122
1118,216,289,0,-15.549114493958905,-14.564689390870187
1119,246,338,0,-22.742350909413847,-22.148643368176902
1120,110,312,0,-20.377497076840648,-19.80674276482731
1121,311,318,1,-17.85254102252369,-17.297985810492555
1122,280,286,1,-12.694342239854551,-11.074587708091522
1123,305,308,1,-14.188114381178734,-13.256635937960771
1124,60,64,1,-11.046397703151996,-9.167517957805812
1125,47,225,0,-19.137857391397006,-18.542964333715968
1126,314,318,1,-14.115016013198966,-13.230555474529258
1127,220,257,0,-20.013272564595773,-19.22235311872782
1128,132,256,0,-20.788587142785012,-20.211601965540574
1129,217,240,0,-22.73939297295478,-22.061923707483693
1130,313,316,1,-20.365448030866574,-20.163375193815693
1131,25,268,0,-18.759518254443524,-18.183408513268084
1132,45,113,0,-18.825673252169743,-18.130040281136477
1133,61,261,0,-24.448330787500673,-24.133361778553382
1134,71,353,0,-26.154707755601052,-25.77036205096127
1135,248,249,1,-11.847370690550122,-10.274423791776359
1136,320,326,1,-12.484153880539935,-10.978354384746613
1137,132,236,0,-25.587852709151754,-25.08831766747952
1138,228,262,0,-25.441602287465116,-24.923323302943093
1139,113,315,0,-19.546741343835553,-18.912370511395263
1140,55,326,0,-24.5626444719421,-23.919557479465816
1141,261,268,1,-18.76036604943254,-18.198507995337074
1142,320,329,1,-13.922325658200265,-12.987363441283154
1143,336,350,0,-31.083091811825042,-30.941218593695478
1144,253,259,1,-10.334244422040756,-8.055229895290191
1145,212,310,0,-26.055423102110442,-25.63969082033134
1146,210,212,1,-9.279101160503803,-6.98918095059766
1147,133,306,0,-27.21417317589438,-26.790373203026334
1148,139,333,0,-22.42837588725373,-22.12329676036046
1149,5,9,1,-21.811980403143412,-21.36642522271919
1150,72,251,0,-22.40059204974719,-21.885765775929574
1151,0,75,0,-17.03787571416134,-16.27106276014105
1152,60,305,0,-21.90987585907423,-21.241078521277153
1153,349,352,0,-21.188626385342367,-20.700246410547248
1154,316,319,1,-17.116551473842147,-16.708308803228192
1155,122,125,1,-16.68073093044517,-16.029094805169127
1156,212,215,1,-12.511273764179156,-11.244971822648955
1157,4,5,1,-19.765691778406122,-19.301458305290982
1158,67,125,0,-23.752675210761893,-23.426113415503245
1159,148,222,0,-19.187600603167358,-18.50587447298263
1160,226,228,1,-13.541726998922254,-12.350834696667293
1161,46,210,0,-22.573445606707338,-21.931454260872993
1162,50,57,1,-13.057167194309825,-11.41779757686121
1163,20,327,0,-21.004805417452665,-20.283169143599437
1164,123,124,1,-14.818205760889125,-13.910498400018962
1165,25,110,0,-16.00116620359514,-14.992096883541084
1166,112,117,1,-16.514363863119804,-15.627299865932299
1167,138,319,0,-22.51986617568574,-22.18741513858668
1168,46,327,0,-24.12990674304381,-23.61552562067207
1169,235,246,0,-21.254980598871658,-20.53471732827651
1170,57,317,0,-26.52089393056074,-26.13630674485407
1171,248,358,0,-21.554962045195655,-21.070242039498428
1172,221,226,1,-16.398905123038176,-15.661214880743568
1173,41,45,1,-13.751363330258378,-12.724435662412127
1174,351,354,1,-20.595056552650178,-20.38131163115443
1175,69,386,0,-23.702732041171448,-23.34647038820799
1176,58,130,0,-33.68740641890252,-33.519147200055144
1177,62,63,1,-13.424560726037175,-12.485702352890478
1178,317,318,1,-13.190344940543834,-12.352696979012281
1179,61,62,1,-13.38893918496314,-12.147215304802224
1180,119,339,0,-27.451013191562748,-26.949526679050752
1181,301,341,0,-21.41606097879913,-21.015001157823523
1182,62,65,1,-11.735151379380936,-10.377142429924879
1183,229,328,0,-20.105450954418618,-19.43952918795059
1184,54,55,1,-9.297183333382113,-6.6445344955897
1185,113,114,1,-12.816131792639753,-11.672197170739608
1186,46,47,1,-15.926406211973504,-15.111898516611207
1187,127,129,1,-12.034842765793977,-10.808607258152488
1188,235,236,1,-11.627262323163603,-10.400130623676334
1189,132,137,1,-19.026351078315695,-18.51340583262477
1190,242,248,1,-12.29805394098606,-10.609152631458716
1191,121,122,1,-15.830919402758115,-14.967011667130931
1192,316,318,1,-17.373417480872092,-16.82097780527576
1193,234,238,1,-19.18175956721864,-18.56705376567737
1194,312,326,0,-29.364941368932605,-28.93868062737914
1195,223,386,0,-18.435993175187026,-17.832656903360864
1196,115,118,1,-15.114300797917592,-14.311441919474454
1197,239,315,0,-23.29275497573874,-22.869346488072352
1198,60,61,1,-13.004217568393036,-11.754519646956323
1199,4,343,0,-25.797734605189902,-25.330398502257626
1200,71,133,0,-25.98663187492268,-25.542139423831248
1201,74,268,0,-19.656276339375147,-19.086507388651583
1202,3,9,1,-19.59163105489083,-18.96776067995
1203,3,75,0,-26.69345601057694,-26.20532054741053
1204,341,352,0,-23.07285622013346,-22.575672721499743
1205,265,266,1,-15.846777862967386,-15.443825774763779
1206,312,315,1,-18.718489324140492,-18.261594426921995
1207,61,66,1,-14.994078934939113,-14.126303769998227
1208,332,334,1,-15.533484837829503,-14.855509766675427
1209,75,76,1,-14.407825859807884,-13.29090880592242
1210,28,380,0,-24.53285163410086,-23.921292024305345
1211,44,265,0,-24.296924941143907,-23.790105107475995
1212,58,306,0,-25.745246562140725,-25.450932403439303
1213,335,341,0,-22.794427519447655,-22.237972466392463
1214,51,54,1,-14.088317725212473,-12.718735994505746
1215,60,269,0,-24.68902070038706,-24.27293747009888
1216,250,352,0,-22.794547943305307,-22.144103894785847
1217,62,238,0,-20.54349177264903,-19.950531615094114
1218,282,284,1,-14.527176693051107,-13.383349773813894
1219,134,138,1,-20.994729743481617,-20.579705094401373
1220,348,349,1,-18.12439446010162,-17.823522518601894
1221,132,262,0,-21.08344882668162,-20.482713913711937
1222,53,57,1,-11.689153552362008,-10.3910998307693
1223,56,58,1,-11.773389070718846,-10.595577777046174
1224,283,380,0,-18.711791914380484,-17.84874467549642
1225,52,56,1,-14.404069588119237,-13.326326690590259
1226,47,241,0,-17.225252217698493,-16.4677331840133
1227,25,28,1,-13.006183521675204,-11.869727702106283
1228,76,138,0,-22.938880857914434,-22.48690262533236
1229,243,249,1,-16.252615089905365,-15.227852111349273
1230,124,242,0,-17.386868324024903,-16.46393281934075
1231,24,309,0,-21.985372286278274,-21.72806258950176
1232,148,333,0,-20.250715589309547,-19.553515381997123
1233,54,309,0,-27.810723040838944,-27.417663521472186
1234,79,255,0,-20.667030588685606,-19.975530286742856
1235,127,243,0,-17.09150408341997,-16.310883598378418
1236,48,249,0,-15.599600196549193,-14.587033106761876
1237,65,351,0,-17.628503093719495,-17.122900905972234
1238,145,332,0,-18.140289609812402,-17.418397792983612
1239,135,258,0,-19.783550425450507,-19.15126636055395
1240,0,6,1,-14.28353342783498,-13.260371606089082
1241,357,358,1,-13.604689509791067,-13.007543025926193
1242,50,58,1,-15.747390461097812,-15.099033586329082
1243,114,119,1,-13.370024881430243,-12.228923343782789
1244,124,344,0,-18.04874526685775,-17.311827380056968
1245,284,289,1,-11.94688663953064,-10.296379632936523
1246,334,339,1,-17.565071126218342,-16.747627419832593
1247,42,48,1,-13.228717595385492,-12.065969429111565
1248,251,253,1,-15.630836368055977,-14.807594517898963
1249,232,237,1,-15.00874138269286,-14.07400335013296
1250,6,9,1,-19.009030895887243,-18.490712218228754
1251,113,261,0,-21.854578215413962,-21.39017804809503
1252,224,349,0,-22.478482959747286,-21.971527318563258
1253,232,236,1,-13.38332158546346,-12.00121439032157
1254,0,1,1,-20.55922985104117,-19.958294956266805
1255,42,46,1,-11.77280560113076,-10.380872123708853
1256,146,316,0,-20.118823280906987,-19.688446062522555
1257,71,72,1,-15.663663466149066,-14.874302652871357
1258,65,119,0,-19.722279781000204,-19.143961269591312
1259,24,27,1,-15.566307883765669,-14.896794048649975
1260,135,136,1,-15.338589866149336,-14.935899263779433
1261,212,217,1,-9.934184989381428,-7.366425960277969
1262,258,265,0,-20.557854441030766,-20.028832149122998
1263,72,74,1,-11.09851689467874,-9.488254806998818
1264,149,214,0,-19.196032434243982,-18.51440256062401
1265,72,382,0,-28.781590232495784,-28.36199317286243
1266,342,389,0,-19.667166069131078,-18.882403509224535
1267,233,245,0,-23.149597539201878,-22.532313841291998
1268,132,218,0,-21.99843224272369,-21.309756719753203
1269,261,264,1,-12.570559778180211,-11.594801753550593
1270,220,359,0,-21.37867058641724,-20.960577610651356
1271,131,351,0,-28.75452403686943,-28.473501631218276
1272,330,334,1,-13.353784048620946,-12.220884339732754
1273,303,355,0,-22.55983543817164,-22.16714191613234
1274,302,336,0,-20.23099235188074,-19.810361293699238
1275,253,254,1,-10.722000691831507,-8.889230846707372
1276,233,235,1,-15.772940644832946,-14.989225202647042
1277,62,234,0,-20.577460209857826,-19.93755791266165
1278,55,302,0,-28.0481865970888,-27.488691250829806
1279,53,59,1,-7.24063574543516,-3.864182537984751
1280,213,217,1,-13.738093678673117,-12.92791907568024
1281,282,289,1,-9.901664420795521,-7.7148244806805835
1282,302,305,1,-19.75703578836802,-19.10431349724999
1283,311,388,0,-28.874198307774922,-28.446022175877708
1284,141,142,1,-17.217458499784907,-16.244619599620776
1285,217,246,0,-22.977986128963376,-22.213147420833348
1286,139,281,0,-24.767629325275802,-24.393798708740913
1287,143,389,0,-21.009469779864162,-20.46410887617857
1288,243,248,1,-12.877607146436036,-11.473204082271566
1289,60,69,1,-14.168905019297304,-13.335130415457154
1290,244,245,1,-15.113493886151815,-14.053480910382682
1291,72,73,1,-13.808587420794591,-12.715945924291717
1292,244,246,1,-15.731916872924494,-14.675443311090886
1293,255,256,1,-13.352321253386314,-12.118265540961193
1294,301,304,1,-14.282970307437656,-13.714199991298859
1295,21,27,1,-15.386402769853804,-14.54139186379325
1296,111,116,1,-9.928659352033606,-7.697211948301368
1297,41,43,1,-11.16964893106334,-9.925030493515866
1298,350,353,1,-15.84898819254464,-15.221829359306764
1299,52,263,0,-26.550791322261905,-25.953344173299076
1300,127,218,0,-26.13785404279575,-25.56116530038726
1301,56,223,0,-19.188497106963283,-18.49385985491718
1302,149,265,0,-21.157421106415462,-20.63558418739067
1303,251,256,1,-15.158031436459002,-14.274120959987231
1304,121,314,0,-21.840156647850193,-21.39430778030371
1305,130,287,0,-28.048603535355,-27.791111357635653
1306,59,301,0,-28.494927623050504,-28.155495754959805
1307,353,354,1,-17.471842371470476,-17.127238482705312
1308,142,149,1,-17.410926974487037,-16.471542442838942
1309,122,129,1,-14.572270292052972,-13.500463814084368
1310,112,143,0,-22.494561597068614,-21.911865908013304
1311,110,115,1,-12.486527361073149,-11.234993480738261
1312,219,263,0,-24.065319083922326,-23.450851596570246
1313,310,315,1,-16.116837571159667,-15.777602125064965
1314,148,213,0,-19.1167812671664,-18.547777193380842
1315,124,130,0,-21.6184553136216,-21.20916719485721
1316,266,269,1,-17.379945399958007,-16.88882506683454
1317,282,332,0,-20.64546435735429,-20.045360874067125
1318,259,327,0,-25.834112497204956,-25.3328701675646
1319,22,259,0,-15.463465558577465,-14.541280179704728
1320,213,218,1,-12.079737914675214,-10.948214595465917
1321,212,344,0,-24.142857061396636,-23.438636859865262
1322,359,389,0,-25.277769243999927,-24.99434126048958
1323,341,386,0,-20.98113894012146,-20.43535152548627
1324,76,232,0,-26.04055805524921,-25.614891296530395
1325,351,352,1,-16.506912377625657,-15.864690611824729
1326,70,77,1,-16.098545376494112,-15.361492679936674
1327,75,118,0,-18.304289685627523,-17.565195271454566
1328,251,265,0,-22.2384325118374,-21.82834238817651
1329,61,129,0,-23.06068910070419,-22.410155330970195
1330,2,7,1,-18.372569550827954,-17.601241694529744
1331,73,75,1,-14.361363972011214,-13.446877478888998
1332,319,353,0,-22.71140531290335,-22.182994312524677
1333,47,75,0,-21.839879421067295,-21.221629334986098
1334,224,225,1,-14.456404015448083,-13.700102141539356
1335,323,329,1,-7.339360218449831,-4.208322620248656
1336,140,381,0,-21.5137649621057,-20.689678085754768
1337,63,260,0,-25.657320655040916,-25.254044675963147
1338,243,244,1,-11.090314850761567,-9.28056960149858
1339,41,219,0,-23.13321637910427,-22.59813306946983
1340,71,139,0,-25.310407808875773,-25.052699887282913
1341,44,49,1,-12.341120777805362,-11.001124162012493
1342,43,46,1,-6.563240708213902,-3.835085546661813
1343,243,284,0,-20.52015462731702,-19.747705600278568
1344,321,386,0,-16.431647792074106,-15.744254172440717
1345,214,250,0,-22.296856616882447,-21.65467946186567
1346,311,315,1,-19.037866458504023,-18.617090040147705
1347,9,140,0,-20.00527731434363,-19.29604421265194
1348,220,221,1,-14.86520424637304,-13.931098517221193
1349,20,142,0,-18.80122382054738,-18.003211369403907
1350,62,129,0,-22.709227082212102,-22.138883882870783
1351,236,239,1,-14.256856259942822,-13.316545875879303
1352,113,116,1,-12.480611702393695,-11.269309806026632
1353,47,119,0,-16.71120093607525,-15.921138455753274
1354,55,58,1,-13.531311760437962,-12.519752883307818
1355,303,304,1,-11.58362769722777,-10.89610251120631
1356,318,324,0,-25.656798953220214,-25.155421348277386
1357,78,148,0,-20.39249131025886,-19.75366475654117
1358,245,286,0,-20.51736164572524,-19.763137161507252
1359,50,55,1,-12.561966460953276,-10.777976266099044
1360,264,269,1,-13.510520352132346,-12.527159835497974
1361,309,327,0,-22.624097355537803,-22.295250978341457
1362,74,262,0,-20.749029411060704,-20.177612618924368
1363,135,261,0,-20.207566419257073,-19.83521791549058
1364,2,5,1,-19.20822122895739,-18.583468158874503
1365,147,148,1,-14.927321967306373,-13.935662051489514
1366,3,124,0,-19.62890326976643,-18.92951755365254
1367,26,286,0,-18.451717637363082,-17.686262410868373
1368,70,233,0,-24.77015039342424,-24.249301664980152
1369,73,77,1,-14.064564478149661,-13.080867402274254
1370,20,28,1,-11.198131463621818,-9.429471606424437
1371,5,234,0,-25.13332596871691,-24.697336632430726
1372,300,346,0,-22.38728148171775,-21.927944376794876
1373,214,215,1,-14.007613963118049,-13.297782680281044
1374,122,305,0,-25.1558580860493,-24.636085710053543
1375,214,218,1,-9.91688897065836,-7.511875326276787
1376,216,255,0,-23.69819424769529,-23.182535986293242
1377,113,227,0,-22.719434381964668,-22.211317912530927
1378,76,348,0,-25.93772456251746,-25.556239171741094
1379,321,323,1,-7.223823481682823,-4.445217715063961
1380,221,228,1,-15.765693456065483,-14.970257889586172
1381,223,225,1,-5.410757390669337,-3.2978863593598438
1382,116,117,1,-15.519271784250185,-14.660982940526905
1383,29,120,0,-20.593125270030523,-19.866943102324477
1384,313,314,1,-16.102804096371255,-15.688414589310316
1385,66,305,0,-22.130140361754925,-21.418567740582827
1386,22,117,0,-18.534405448925348,-17.800280835416878
1387,247,248,1,-15.50012239369562,-14.539734661916185
1388,51,148,0,-19.11074078834415,-18.284751668207086
1389,110,111,1,-14.028192487899185,-12.893687050625084
1390,132,134,1,-15.552889220976112,-14.889527852056538
1391,331,332,1,-5.764299222806746,-2.543184199247786
1392,144,388,0,-17.355804853625305,-16.413929822922956
1393,220,222,1,-15.43760127056049,-14.389129727207338
1394,44,356,0,-20.707878365685723,-20.065418766959553
1395,266,286,0,-21.33117984076766,-20.763463148232628
1396,258,259,1,-12.467945616309578,-10.975014571265596
1397,255,257,1,-13.673237656360756,-12.420782785676982
1398,50,228,0,-18.678743869017755,-17.797198740557512
1399,52,59,1,-14.045349282684096,-12.831934882465598
1400,140,142,1,-7.83717841342788,-4.064662265454989
1401,265,267,1,-11.066876113347343,-9.58248644050722
1402,140,284,0,-19.482192199402835,-18.587085662838895
1403,144,252,0,-17.62623564661539,-16.720057045510977
1404,241,335,0,-22.801694103853134,-22.131360565152235
1405,352,358,1,-13.79914897192634,-13.118819988156867
1406,53,266,0,-28.5088541003847,-28.17888172070496
1407,280,287,1,-14.133562340241346,-13.153203059822182
1408,211,214,1,-10.457101770855214,-8.462952601145268
1409,40,262,0,-21.642772336386624,-21.066419576692198
1410,326,328,1,-12.58260620236535,-11.412713077789668
1411,300,308,1,-11.336419668277264,-9.557731095986066
1412,230,231,1,-8.9726247415305,-6.180555863589669
1413,342,346,1,-20.337812466467422,-19.84781643910929
1414,60,134,0,-29.05110998500487,-28.583081484769757
1415,288,350,0,-29.903450160021098,-29.604868422662683
1416,331,339,1,-13.698398829423502,-12.859827642365504
1417,286,287,1,-11.986652648417621,-10.819121017663003
1418,314,347,0,-20.314260869882958,-19.765431455939755
1419,143,145,1,-11.768226057492782,-10.639606769125916
1420,117,351,0,-22.04285371530617,-21.579303940723534
1421,303,309,1,-13.50470585182157,-12.998253001444123
1422,111,338,0,-26.180769601653427,-25.683586942428555
1423,111,357,0,-20.600089354528908,-20.01470899164212
1424,75,243,0,-22.506385095077885,-21.920941046405574
1425,232,281,0,-19.644476710059834,-18.855648496078167
1426,311,313,1,-14.229829260146042,-13.5779131087539
1427,233,239,1,-12.130719925089032,-10.854493307954177
1428,241,242,1,-12.385509849737385,-11.017740575121548
1429,216,352,0,-21.536731035086323,-20.9255987409655
1430,61,65,1,-12.38225436214045,-10.736577727816162
1431,352,353,1,-12.347656194435379,-11.29731568117189
1432,123,127,1,-14.183665305438904,-13.245034864042466
1433,41,257,0,-17.723110887991638,-16.85832558402251
1434,228,229,1,-10.486069431553366,-8.821108895545226
1435,132,260,0,-21.057176947562468,-20.407117391575127
1436,320,328,1,-12.23596822951361,-10.638523840739936
1437,77,140,0,-20.827992500985424,-20.118959970606348
1438,345,347,1,-10.580800824428835,-8.221984327403492
1439,53,328,0,-24.756588433147908,-24.187190655963075
1440,302,304,1,-10.856170198316931,-9.801462098509257
1441,120,389,0,-25.951139698190044,-25.437075918517607
1442,111,256,0,-18.2690078846655,-17.514796817036014
1443,335,339,1,-10.90985007710381,-9.211375843862719
1444,76,219,0,-24.29510465379588,-23.798926526366007
1445,257,337,0,-25.46983707253155,-24.869555578475197
1446,73,149,0,-19.548084129189256,-18.90919847399738
1447,23,24,1,-11.289672622074962,-9.542235126820481
1448,121,249,0,-19.234151634435715,-18.552151527350688
1449,141,252,0,-17.918766302335044,-17.15589184688128
1450,384,386,1,-13.144407592668783,-12.092604499680414
1451,250,254,1,-15.482866434248509,-14.53357885478325
1452,21,29,1,-12.86806008013454,-11.591014209184468
1453,224,287,0,-16.105205284047724,-15.330991417613422
1454,261,265,1,-21.206447132595454,-20.815683586945724
1455,126,132,0,-22.764561951927682,-22.268800985037426
1456,217,282,0,-16.630770071186557,-15.672129000983524
1457,335,336,1,-16.44385136914563,-15.810145956087686
1458,350,357,1,-17.310979519064897,-16.89978123141476
1459,317,319,1,-14.774695889662343,-13.994728387416986
1460,380,386,1,-13.717255175451164,-12.52919841426504
1461,20,23,1,-13.956176099731382,-12.778594884387244
1462,125,308,0,-24.00274300258638,-23.530675597374564
1463,60,256,0,-22.16478473619881,-21.507716416890837
1464,116,329,0,-26.528888601450547,-26.101915536489127
1465,303,353,0,-25.22658086950312,-24.8720724414717
1466,2,50,0,-24.891441417627235,-24.377309496955693
1467,6,8,1,-16.65484048210798,-15.83475829023745
1468,123,337,0,-26.17294925532053,-25.601589460498364
1469,337,338,1,-10.953046822775505,-9.519350422381004
1470,60,67,1,-13.68453975928933,-12.649554386653243
1471,25,29,1,-14.783481995183939,-13.85599661748544
1472,230,238,1,-13.186853426204564,-11.708400445738384
1473,3,56,0,-24.312943922493687,-23.735578211134996
1474,123,359,0,-24.430614931528236,-24.13639432993141
1475,304,309,1,-12.404886426969199,-11.861380429085944
1476,50,242,0,-18.380882950680544,-17.33936088975572
1477,356,358,1,-16.400972894561892,-15.94336373071976
1478,24,216,0,-21.883499735103754,-21.409196270264903
1479,246,247,1,-14.907134228687545,-13.870107959395193
1480,76,263,0,-22.82922661499334,-22.17776639449343
1481,216,263,0,-25.060535565986978,-24.496082673658794
1482,22,269,0,-21.29151201112797,-20.806009377558905
1483,66,348,0,-24.558928888994906,-24.098368207182965
1484,24,25,1,-17.567742466990765,-16.908848856178476
1485,265,381,0,-24.367538908025978,-23.961312400194313
1486,111,115,1,-14.81398691804261,-13.808551674460034
1487,146,147,1,-15.783463517741934,-14.80239164063411
1488,27,354,0,-19.667529461909126,-19.212345342373062
1489,27,29,1,-14.31656854728368,-13.240261880436888
1490,323,324,1,-16.986517635495574,-16.202263005450522
1491,125,225,0,-23.183551757292783,-22.764285094784587
1492,241,266,0,-20.13691895949554,-19.66561602638504
1493,302,353,0,-24.745807208673362,-24.322262353556937
1494,305,307,1,-11.279290789790243,-9.311212833229787
1495,232,328,0,-17.198663854228357,-16.430263847528945
1496,7,120,0,-20.814828342253392,-20.153816257427174
1497,70,248,0,-20.337706504751143,-19.651628731684635
1498,5,253,0,-25.67821726275635,-25.2222535701906
1499,336,338,1,-18.73610479088922,-18.293899977204713
1500,244,248,1,-14.565129661008156,-13.425264756150245
1501,351,355,1,-17.954728947364533,-17.63826798485183
1502,310,327,0,-26.613323173474722,-26.394364349325734
1503,21,267,0,-20.932254302770946,-20.258883740347514
1504,56,59,1,-9.919600721899428,-8.164455191176817
1505,260,267,1,-17.527654531662975,-16.723060992187012
1506,264,265,1,-18.445547462135487,-17.9228382716161
1507,45,49,1,-12.37958814929248,-11.095113464025536
1508,121,129,1,-12.911767434072004,-11.632212117376062
1509,355,359,1,-15.847589556783634,-15.455280618824274
1510,65,315,0,-19.632207336750696,-19.13395256217848
1511,9,244,0,-23.657716540841843,-23.10008628424685
1512,52,57,1,-13.894313138914066,-12.567601995679807
1513,301,307,1,-20.3103974413117,-19.757476310478616
1514,24,384,0,-22.67491115980163,-22.173425753022855
1515,136,139,1,-16.85366518579926,-16.470425550639266
1516,214,226,0,-21.20371071830414,-20.61263547312082
1517,45,146,0,-17.38806025801916,-16.516341339008772
1518,285,317,0,-22.95058770819098,-22.50813081074105
1519,23,28,1,-16.199229225258282,-15.130523862105264
1520,131,135,1,-16.871530754705738,-16.344919973940065
1521,130,133,1,-11.94325528766402,-11.02521915723475
1522,340,346,1,-21.291020849912538,-20.925847283797193
1523,146,148,1,-8.664308235744317,-6.149367645684416
1524,383,384,1,-13.346012255703036,-12.197060765770463
1525,115,387,0,-25.730569473782573,-25.303335895852108
1526,267,268,1,-8.796778073308198,-5.421375599499135
1527,138,283,0,-23.28906652700842,-22.869103252292597
1528,51,58,1,-15.362443868191448,-14.657804963379277
1529,269,353,0,-26.512112528355996,-26.266964758046665
1530,61,322,0,-22.838863529461914,-22.23312530110452
1531,211,217,1,-12.241567881260309,-10.873523265850892
1532,216,314,0,-25.262056219477575,-24.849255462086155
1533,231,237,1,-11.387262737122494,-9.737693780814732
1534,380,384,1,-13.216612379402594,-11.955315152730952
1535,110,113,1,-15.53158036703199,-14.525162153583413
1536,386,387,1,-8.230959812534207,-5.306821951827637
1537,143,300,0,-19.538942796071993,-18.88988290550795
1538,309,311,0,-21.17450383197319,-20.843288676437858
1539,54,58,1,-13.201876311908201,-12.373481708477808
1540,261,262,1,-9.966963076011975,-7.844529460892491
1541,287,380,0,-18.95419664948143,-18.202393792843615
1542,4,26,0,-24.909655669534988,-24.40505670474052
1543,143,269,0,-19.25977228996102,-18.733944421428507
1544,147,233,0,-18.369027837045138,-17.750284378404277
1545,322,325,1,-17.313840289965913,-16.441875007991257
1546,131,136,1,-18.11132780848798,-17.54301545216552
1547,4,328,0,-30.003049398965473,-29.587490896240197
1548,43,45,1,-11.929405181328763,-10.563776055194758
1549,6,267,0,-23.38140777508436,-22.734096579651293
1550,337,385,0,-17.926163786964658,-17.233916679690072
1551,216,312,0,-26.475343332279394,-26.152071921029968
1552,315,316,1,-17.026198762494094,-16.686153837773126
1553,252,334,0,-25.57442890031175,-25.03850595458528
1554,121,128,1,-15.64845932829043,-14.904941384394995
1555,70,287,0,-21.12009493409378,-20.622656964905662
1556,283,284,1,-12.658054926892017,-11.352607424644301
1557,352,357,1,-10.537115775138897,-8.663706064971253
1558,8,280,0,-30.454759874093472,-30.066739351014732
1559,343,344,1,-20.895255506966123,-20.159476714111833
1560,145,350,0,-21.89205380545274,-21.351996318531818
1561,310,359,0,-22.389106228230492,-22.29494099115943
1562,246,333,0,-24.05456970955733,-23.480756846882997
1563,22,27,1,-14.57136165556226,-13.625606202446514
1564,135,138,1,-12.7666048151577,-12.036137778752503
1565,49,243,0,-17.469310633779656,-16.542345673366782
1566,126,317,0,-20.452832898356647,-19.999648259995308
1567,381,388,1,-14.551895901566633,-13.465300865865832
1568,281,286,1,-13.78113757510419,-12.44638123189441
1569,322,329,1,-10.201883247359524,-8.485677336774438
1570,114,354,0,-21.655200623423976,-21.2922246589689
1571,319,358,0,-20.707288434095485,-20.335027143967558
1572,49,282,0,-26.20859523776916,-25.565202931335243
1573,264,266,1,-19.361876652370242,-18.933867583517035
1574,128,330,0,-25.41640547538552,-25.051952714883207
1575,149,355,0,-20.817804862411094,-20.31030454761033
1576,280,288,1,-12.876454666025124,-11.644312231657794
1577,42,316,0,-19.030528684577448,-18.58109290360006
1578,42,306,0,-21.044216303621443,-20.48784795352229
1579,2,8,1,-21.857670897613403,-21.477803082715813
1580,115,126,0,-17.87022174256014,-17.21646767628959
1581,70,74,1,-16.020456779228383,-15.288556965475799
1582,143,148,1,-16.85471314369035,-16.111639774942056
1583,383,387,1,-15.390373821739088,-14.453388557305342
1584,211,219,1,-10.29200074812052,-8.631432509545867
1585,251,252,1,-13.370010581388238,-12.252487307712048
1586,309,310,0,-21.55724434766907,-21.40871032173981
1587,50,326,0,-21.64429321132959,-20.946433558940512
1588,7,264,0,-22.756214267407458,-22.103855092019863
1589,141,389,0,-18.32382014491266,-17.458842917802222
1590,73,304,0,-25.78414361889783,-25.41416279977088
1591,28,261,0,-22.46350871965755,-21.898191248724093
1592,53,56,1,-11.092029201633041,-9.757290110908587
1593,3,142,0,-24.98414537414228,-24.391928652800566
1594,132,305,0,-24.66172251324438,-24.183174080726097
1595,229,346,0,-21.887746708555234,-21.407786653931844
1596,214,240,0,-23.10228480355734,-22.413060474744103
1597,78,284,0,-21.84503290366877,-21.199776380695035
1598,264,268,1,-15.48022811536053,-14.631642567233119
1599,7,20,0,-22.540878883733445,-21.843397156522332
1600,252,258,1,-12.595418876951433,-11.237518081597933
1601,24,76,0,-20.485669884837662,-19.92231330965382
1602,289,308,0,-18.551265692406403,-17.727323000432655
1603,42,47,1,-13.808264651813031,-12.658358090105056
1604,62,383,0,-26.12896276692111,-25.618477993834958
1605,238,239,1,-9.965893725862735,-8.094788408048107
1606,68,119,0,-20.244179550368123,-19.581412658686194
1607,220,226,1,-12.469941692425714,-10.975912445077629
1608,41,46,1,-10.924415275403652,-9.535389426570394
1609,72,326,0,-25.538587971173307,-24.959281892234856
1610,252,338,0,-25.07367783278051,-24.556598924669785
1611,55,57,1,-9.947258881977213,-7.6501943824281184
1612,52,236,0,-22.69006961290912,-22.009723419539462
1613,232,233,1,-12.631828969260296,-11.445669913575976
1614,64,323,0,-26.443016564888463,-26.0024436049735
1615,133,137,1,-15.869160305611771,-15.194528905265473
1616,42,44,1,-14.003838747791495,-12.87374483403836
1617,40,46,1,-7.259494385900988,-4.427507725984239
1618,111,119,1,-13.27685303852706,-12.097999114381475
1619,9,234,0,-24.992013835979748,-24.573500168202127
1620,51,118,0,-22.179015980783003,-21.49797523571062
1621,241,289,0,-22.1632820215847,-21.44216981492371
1622,45,385,0,-28.137954123957655,-27.757707080377354
1623,72,269,0,-20.78522024928754,-20.329925050462776
1624,58,386,0,-28.840569471520226,-28.452458183537402
1625,254,259,1,-11.801625366687277,-10.188246101577517
1626,117,223,0,-23.0996295227277,-22.583819623450747
1627,233,234,1,-18.686176107522236,-18.036573909206982
1628,350,356,1,-20.1998724432259,-19.79822550642376
1629,218,319,0,-22.743093256331534,-22.04373077551002
1630,2,300,0,-27.87758723483544,-27.410621125242823
1631,44,47,1,-12.38772857892393,-11.209501357053718
1632,242,340,0,-18.4157348784783,-17.763295337176963
1633,132,136,1,-18.079667836991835,-17.48698389816648
1634,354,355,1,-20.97984607370486,-20.715265768467233
1635,358,359,1,-16.42231387956218,-16.250193482561716
1636,330,336,1,-14.87613703401002,-14.545507686534947
1637,253,260,0,-22.338753309085227,-21.608019329068192
1638,48,314,0,-19.670780297651483,-19.142130559544626
1639,382,388,1,-13.98536104518264,-13.126164272810614
1640,324,326,1,-9.70164892065951,-7.52507708245237
1641,334,338,1,-17.575265448741757,-16.719358764583244
1642,141,149,1,-8.308517760117473,-5.790233327554363
1643,144,145,1,-17.56935235492262,-16.60267443811749
1644,211,216,1,-13.962068399678369,-13.13504887392463
1645,24,321,0,-25.054491649653244,-24.711071807837932
1646,124,381,0,-27.689953594452117,-27.196116251573173
1647,239,289,0,-18.11986814125858,-17.273999991841997
1648,66,68,1,-10.152131818141768,-8.162442543112812
1649,1,3,1,-22.846431353258666,-22.388323005241325
1650,342,348,1,-16.896894866933046,-16.110604786554713
1651,234,289,0,-18.084172233437375,-17.260207743570497
1652,280,285,1,-15.012460349151562,-13.895563486310166
1653,2,259,0,-23.633015104079707,-23.04111215580862
1654,4,284,0,-28.401373629570518,-27.962041000751416
1655,340,348,1,-23.567056546577877,-23.27156350468063
1656,260,264,1,-10.652835236072427,-8.573218334552047
1657,59,248,0,-23.499967120196963,-22.758633910388784
1658,61,78,0,-23.182220951400645,-22.598838774598544
1659,320,342,0,-21.467947787264233,-20.756535386078593
1660,52,71,0,-23.36084232870459,-22.816515921289373
1661,140,149,1,-17.882982940713106,-17.001507352662966
1662,43,67,0,-23.115931294037043,-22.692078867429675
1663,332,338,1,-13.302965809406786,-12.481582224496085
1664,3,328,0,-29.02497878512793,-28.497934988230195
1665,110,282,0,-27.35550460465253,-26.81840473897214
1666,133,333,0,-23.082962156313403,-22.52527295175316
1667,74,76,1,-16.000591985749097,-15.21487552584405
1668,267,329,0,-25.645435086933926,-25.143336342039344
1669,313,319,1,-19.349833268832615,-18.909234088595127
1670,300,302,1,-22.824477483033622,-22.253010972689594
1671,302,343,0,-21.17846053559771,-20.509364925076266
1672,54,259,0,-23.27656156703415,-22.4855540346638
1673,61,67,1,-16.8285795517037,-16.314843783707857
1674,62,66,1,-9.950043052663002,-7.656233586526277
1675,0,251,0,-21.934687172497906,-21.32761373443486
1676,263,268,1,-16.59721129308495,-15.723532233553295
1677,20,52,0,-19.53335163846649,-18.698215244224688
1678,136,137,1,-11.112442321302945,-9.623363192902438
1679,126,339,0,-27.72973836995252,-27.2528201251487
1680,133,136,1,-15.872221861600222,-15.236578304903901
1681,59,328,0,-24.822179686598663,-24.203120635948068
1682,255,258,1,-9.443621152801898,-7.218422953668101
1683,241,248,1,-12.399032336017207,-10.874097388261973
1684,111,216,0,-23.880690170415555,-23.311811563548723
1685,121,124,1,-13.257625216256338,-12.206252463293982
1686,224,325,0,-18.01129601123908,-17.385871296103947
1687,71,77,1,-16.763929752530988,-16.11598595758536
1688,115,119,1,-14.285265117395195,-13.429163777669384
1689,54,345,0,-21.845512287789038,-21.0225719443364
1690,121,127,1,-14.615575719785404,-13.662464618527096
1691,331,337,1,-12.413326739748646,-11.57942437849264
1692,123,251,0,-17.828990773373775,-17.1872563453895
1693,215,219,1,-12.3740401667239,-11.180280485173927
1694,7,342,0,-23.594005828541086,-23.028936369272575
1695,8,9,1,-17.638123124643133,-17.101881092279907
1696,235,300,0,-19.91592946020708,-19.253355749292
1697,216,218,1,-12.007244636480687,-10.638890803015482
1698,322,341,0,-22.51119073509083,-21.903013735301155
1699,214,238,0,-20.431293435781942,-19.795661302716116
1700,70,325,0,-25.019370069448705,-24.627569992109294
1701,131,132,1,-7.278488614667286,-3.1582487168476345
1702,64,306,0,-21.72390145817178,-21.274345361675078
1703,9,225,0,-25.714226977145906,-25.272422987551145
1704,236,351,0,-18.062809141916897,-17.473048270525776
1705,323,326,1,-14.676534883673467,-13.64593910093544
1706,137,352,0,-26.39602404726411,-26.04540232075243
1707,325,329,1,-18.658670474672956,-18.106062796734896
1708,60,66,1,-11.453624740365914,-9.624956239236445
1709,300,321,0,-20.903420408770522,-20.329392646379763
1710,66,67,1,-11.043417382898605,-9.45200137259568
1711,43,120,0,-16.37336057224503,-15.58971874343388
1712,71,78,1,-13.58378982601285,-12.58109170466428
1713,58,59,1,-12.435220008934877,-11.406887710029991
1714,41,49,1,-14.695062667116394,-13.491668065113172
1715,123,345,0,-19.31340430800534,-18.499164993533714
1716,222,352,0,-20.87251807927186,-20.248881224627407
1717,64,317,0,-23.198162265182855,-22.869585989003365
1718,224,228,1,-17.33502512356384,-16.65243479038443
1719,280,282,1,-8.53778202910317,-5.973634299122861
1720,145,146,1,-17.7044036544815,-16.784541137221197
1721,45,333,0,-26.172659626216987,-25.693811551670777
1722,21,26,1,-15.590255579943017,-14.749602701754071
1723,242,243,1,-15.946942483867636,-14.963125351996792
1724,210,215,1,-11.876436354248435,-10.761955910493366
1725,127,146,0,-19.287736631023755,-18.624278462820975
1726,303,327,0,-22.629568355073843,-22.152630795949502
1727,216,248,0,-22.40959408988334,-21.768688681200658
1728,67,261,0,-25.29450252712313,-24.974277253027584
1729,346,347,1,-14.818632709599024,-14.147509782815142
1730,125,128,1,-12.53951019898309,-11.559280972760488
1731,2,314,0,-19.455417946678537,-18.95203425059049
1732,346,383,0,-26.4647562392958,-26.105960426248735
1733,228,334,0,-29.348258735843597,-28.869543394013093
1734,381,386,1,-14.121450918327696,-13.011484996884349
1735,52,55,1,-12.117717569219993,-10.444053469167907
1736,4,9,1,-14.967319794457966,-14.24619871523231
1737,342,349,1,-14.918945968237418,-13.839875756560023
1738,330,335,1,-10.853385561816465,-9.333129513984023
1739,314,317,1,-15.425640129339216,-14.994747415540074
1740,7,289,0,-28.42962720165403,-27.84959485166218
1741,2,221,0,-25.451777776659455,-25.038366275832924
1742,262,266,1,-20.428414459765257,-19.994264768168666
1743,50,56,1,-14.489425693697347,-13.267983115425647
1744,214,217,1,-12.564463758216801,-11.43790343690433
1745,255,301,0,-23.78552140225134,-23.32500851163428
1746,321,328,1,-16.947059298418033,-16.25449447991929
1747,138,211,0,-18.67408816418462,-18.0152193211027
1748,43,350,0,-24.088084685653758,-23.723893104481864
1749,53,147,0,-25.251519909933414,-24.802223462308064
1750,122,218,0,-25.986540261456646,-25.359811280867216
1751,142,383,0,-21.710950184930084,-21.006317110972052
1752,217,218,1,-10.300565127768689,-8.16587786570785
1753,212,214,1,-12.260965642426068,-10.793422022202773
1754,241,259,0,-17.04401609305052,-16.201712166212253
1755,257,344,0,-18.862627441453174,-18.02228760108042
1756,331,333,1,-14.430313244359358,-13.668180667946265
1757,221,224,1,-14.385722510732261,-13.472827237820669
1758,265,314,0,-22.16428428785445,-21.888804952913926
1759,283,288,1,-15.944208332076556,-14.990655965243144
1760,231,235,1,-9.680187329497837,-7.38532632083837
1761,68,110,0,-21.30028191888098,-20.758371438523906
1762,321,325,1,-18.684075167883403,-18.18361994100893
1763,305,329,0,-22.170229930267944,-21.657486522947163
1764,226,240,0,-17.315070609495006,-16.419678712328267
1765,42,325,0,-23.259552545056025,-22.756898957282555
1766,25,57,0,-21.98806305509207,-21.337035643886587
1767,114,249,0,-17.836569844991757,-17.02571436207283
1768,324,327,1,-14.751453635793448,-13.97445087457454
1769,27,218,0,-22.668676819977364,-21.991740155445036
1770,130,346,0,-23.252592211953836,-23.038650624126706
1771,1,43,0,-19.87952063468015,-19.311877115243785
1772,42,359,0,-22.295289249032333,-21.948754549393822
1773,143,144,1,-17.08132850079433,-16.130572467500976
1774,145,147,1,-14.996112860846782,-14.05209025973355
1775,220,302,0,-25.305039993883305,-24.734063265845016
1776,120,343,0,-19.411428926659976,-18.520069001406917
1777,280,284,1,-14.643162479751142,-13.646795613665857
1778,117,118,1,-12.081177706928319,-10.683829082005694
1779,76,78,1,-14.301704587214433,-13.40135719503071
1780,223,358,0,-22.229805534293007,-21.910348659068887
1781,133,226,0,-26.393678205566093,-25.897671646335073
1782,120,125,1,-15.031769986372707,-14.384451920946507
1783,1,265,0,-27.8212438993231,-27.529698225425918
1784,70,73,1,-13.7130281756129,-12.685474482830816
1785,72,78,1,-12.558090083038426,-11.42807877259612
1786,50,59,1,-14.307848500143502,-13.204480662225048
1787,133,329,0,-27.736051067104416,-27.318000959211908
1788,306,312,0,-27.298266282523656,-26.874638647543506
1789,62,306,0,-21.30812658282021,-20.75398386739863
1790,112,118,1,-15.950207940508152,-15.04251721243375
1791,71,73,1,-13.223384875526719,-12.213754886660839
1792,24,308,0,-20.87791670094703,-20.24995059275896
1793,0,8,1,-20.529606182395842,-20.048406492588416
1794,346,348,1,-21.248656865304625,-20.885745389583295
1795,210,216,1,-11.815993663448825,-10.564937018083725
1796,222,355,0,-23.00817593405432,-22.567310221290438
1797,309,339,0,-18.067408129929543,-17.571166465973047
1798,70,72,1,-14.994569060983736,-14.149171128691037
1799,44,45,1,-6.900116983421854,-3.702565120539466
1800,146,307,0,-17.668641412020197,-16.798756826301712
1801,51,59,1,-13.49796814213145,-12.279591318768556
1802,220,224,1,-16.350990972882293,-15.3954404574891
1803,27,324,0,-23.127304118727203,-22.518874193194097
1804,128,341,0,-20.028149260094487,-19.428750230077974
1805,225,341,0,-20.451944213924016,-19.954905542733727
1806,234,237,1,-15.562174963033382,-14.818890130636216
1807,260,289,0,-24.94117135538459,-24.229927389384454
1808,43,230,0,-22.39846146450605,-21.75585356005808
1809,228,255,0,-20.23192718634294,-19.491175558148868
1810,214,219,1,-11.903872548997143,-10.833853656816391
1811,8,339,0,-30.97481195667592,-30.602448175447293
1812,324,325,1,-14.619426936279176,-13.919519670311761
1813,45,349,0,-16.557470307324284,-15.944355680034176
1814,340,342,1,-19.993984327396937,-19.51115863771139
1815,213,216,1,-14.383674142943766,-13.798149098033852
1816,142,314,0,-17.60533718695098,-16.812740386626775
1817,77,284,0,-23.320958102727186,-22.718121790500362
1818,341,342,1,-19.208403429261278,-18.449227526936546
1819,242,246,1,-8.923398493379967,-6.424668017399098
1820,310,312,1,-16.62643590238012,-16.23099728459554
1821,40,42,1,-11.342336316384037,-10.136916100767946
1822,211,342,0,-19.266759371532576,-18.46051384034055
1823,120,123,1,-14.29797300770261,-13.206373616320079
1824,226,312,0,-24.278137808601112,-23.80814081430289
1825,285,287,1,-12.814258104579508,-11.49753242454353
1826,126,387,0,-26.7054503380649,-26.247243598245692
1827,356,359,1,-17.454838150618933,-17.12828999717369
1828,307,354,0,-22.70270231948225,-22.240430634486597
1829,147,315,0,-19.51318732758771,-19.031323548482643
1830,112,116,1,-14.294794305996117,-13.363188858017308
1831,134,281,0,-28.23176053712779,-27.867414361472566
1832,235,239,1,-12.98429591628836,-11.849674370906483
1833,59,123,0,-26.01768093011901,-25.44429131379704
1834,139,345,0,-23.382190744824182,-22.979133780039284
1835,111,118,1,-14.581218896615844,-13.689526733960745
1836,254,280,0,-23.939258276419597,-23.327433210022427
1837,137,222,0,-26.87368861269099,-26.54314308770664
1838,26,45,0,-16.44332621096285,-15.556025547584143
1839,341,345,1,-13.298865928868713,-11.900108113565432
1840,20,69,0,-18.35472173320317,-17.84999877862162
1841,135,231,0,-22.90197932219734,-22.35941466486945
1842,289,303,0,-22.43565640118492,-21.8305194680197
1843,113,117,1,-14.997066923003649,-13.957986340693038
1844,0,285,0,-21.908939542372355,-21.260455163539692
1845,42,43,1,-11.837576819012323,-10.717664326100016
1846,22,358,0,-18.363281580426158,-17.889930005655714
1847,240,244,1,-17.46660193280963,-16.597482170530142
1848,281,288,1,-12.895001142628317,-11.579697555475354
1849,303,356,0,-22.369320446483833,-21.90858343071344
1850,130,131,1,-13.040760999806082,-12.373636593031822
1851,384,389,1,-13.528489059129766,-12.371895457418937
1852,312,345,0,-20.767402767061352,-20.106089695127302
1853,112,113,1,-14.03462232726856,-12.838793137642158
1854,56,237,0,-23.129669804227625,-22.61038232415509
1855,110,116,1,-15.31536780092892,-14.6263255034615
1856,119,387,0,-24.835295554226658,-24.305381021150584
1857,301,308,1,-20.016759849208476,-19.434524221594614
1858,332,333,1,-14.74683187698753,-14.064184446789586
1859,142,145,1,-9.966392186066939,-7.462081811623275
1860,248,260,0,-18.59911452473205,-17.78175829156432
1861,78,79,1,-15.144567245423213,-14.39652235284121
1862,57,357,0,-25.76541646349091,-25.2722444368198
1863,240,318,0,-19.983125151736537,-19.238928670857927
1864,24,282,0,-22.35782975199379,-21.84930466194814
1865,23,45,0,-16.838649581250728,-15.953099416711172
1866,122,126,1,-14.945002291786931,-14.104746985931786
1867,221,250,0,-22.815211319035733,-22.265566251658804
1868,27,323,0,-25.15686763631703,-24.60089945486952
1869,303,305,1,-19.88384363235163,-19.330979868944393
1870,145,148,1,-16.966711987725386,-15.904914139199027
1871,63,64,1,-11.886497218920361,-11.127163557918129
1872,354,359,1,-20.95019410249611,-20.78034552914273
1873,237,238,1,-15.56360282375717,-14.673349516424413
1874,254,255,1,-15.556739623585873,-14.68894059113467
1875,144,148,1,-10.247332999259301,-8.329067063007379
1876,219,281,0,-17.700980884565116,-16.985673821092455
1877,55,56,1,-10.32329318177487,-8.406567257025559
1878,256,323,0,-28.20930759392281,-27.759157536482782
1879,380,382,1,-13.365446173375037,-12.317201306651514
1880,287,289,1,-14.070425395140392,-13.052037201201538
1881,304,305,1,-20.660685494641893,-20.18091199134795
1882,326,327,1,-13.007570471157194,-11.875383804746308
1883,329,330,0,-20.54061072557363,-20.142072597730863
1884,252,259,1,-15.852611234502659,-14.989370499331171
1885,227,229,1,-15.771285697130521,-15.040083062870954
1886,54,59,1,-9.865765755722885,-7.491274055721795
1887,329,350,0,-28.802742628314384,-28.523918058541252
1888,3,289,0,-31.327018605603126,-30.848762410769787
1889,116,357,0,-20.332325629543064,-19.748886586226668
1890,113,119,1,-14.491053462852618,-13.51372025080103
1891,41,48,1,-13.396896881136469,-12.164086170409725
1892,260,262,1,-11.591288271389592,-10.07630700423213
1893,73,76,1,-10.649509912674606,-9.135060899176978
1894,332,339,1,-13.601024818922578,-12.79081725032848
1895,133,220,0,-27.777983231903153,-27.339409537263766
1896,52,126,0,-22.98700119690097,-22.373152821530223
1897,8,313,0,-24.73460687524817,-24.473811257030494
1898,47,48,1,-8.154209900189386,-5.31772183072885
1899,245,248,1,-9.38928389924184,-7.0926143256112315
1900,312,314,1,-14.30525066882902,-13.533394862765688
1901,71,74,1,-16.247457715796944,-15.563424492764463
1902,71,341,0,-23.842418969195172,-23.399980920083998
1903,123,129,1,-14.618131332674423,-13.641938744119543
1904,307,309,1,-22.3812466001043,-21.990181720570124
1905,25,129,0,-17.713698976871676,-16.857352185110553
1906,53,58,1,-12.646426008104461,-11.83503042775603
1907,268,314,0,-21.476868885077483,-21.002649989425
1908,47,357,0,-22.301785563351626,-21.789655970936977
1909,51,389,0,-24.104751699200744,-23.493875456192747
1910,343,382,0,-22.896580098782888,-22.286204232099355
1911,312,348,0,-23.050047087895713,-22.73071447105026
1912,70,388,0,-23.781434809377636,-23.204178133892793
1913,300,309,1,-23.398005343043778,-23.083927802013722
1914,149,247,0,-17.079522639306536,-16.21968907153418
1915,384,385,1,-14.531953855939497,-13.502890525773019
1916,288,354,0,-28.89487442779589,-28.593996950315518
1917,232,238,1,-11.521100546126517,-10.169259723549985
1918,223,229,1,-14.208357613863503,-13.193005857722524
1919,320,325,1,-14.207518943855852,-13.16393311111602
1920,262,263,1,-9.128601793051622,-6.692007743938349
1921,222,226,1,-12.482902125129854,-11.299049125965782
1922,68,129,0,-22.9666104727493,-22.369343437705837
1923,120,382,0,-28.548954843686552,-28.100168087038192
1924,263,266,1,-19.829680983251908,-19.378831293838676
1925,339,354,0,-27.026757019986686,-26.678185897464232
1926,136,217,0,-20.278542270397992,-19.67041079392454
1927,302,307,1,-21.62840376756427,-20.989310501382672
1928,241,247,1,-17.112991419475335,-16.358784091096176
1929,20,233,0,-20.90647620948296,-20.293040590409994
1930,264,383,0,-27.778111302040905,-27.296279834948045
1931,69,256,0,-20.69851881615275,-20.213264888958104
1932,130,136,1,-16.68655331958459,-16.208471990976946
1933,5,7,1,-20.72905331559232,-20.13357239692648
1934,382,385,1,-13.355718063045476,-12.419694650367536
1935,125,266,0,-24.94055332513139,-24.68372351689289
1936,265,268,1,-12.60938825039633,-11.781523008038876
1937,253,255,1,-13.890572391626051,-12.707339499897625
1938,114,286,0,-22.243875595044905,-21.58424322676295
1939,240,242,1,-9.218812429790333,-6.646133765491498
1940,251,338,0,-25.9874835267801,-25.520046956375648
1941,63,123,0,-23.93599773669224,-23.501641277002367
1942,381,382,1,-14.330177377075547,-13.332453225075547
1943,124,127,1,-12.69874078964629,-11.690575054119826
1944,40,49,1,-14.863722358512446,-13.79374232442331
1945,52,53,1,-14.194504439104382,-13.120738386556296
1946,44,46,1,-12.41560315663701,-11.017421587132754
1947,134,136,1,-17.036166658649304,-16.517560628519192
1948,123,231,0,-24.960695942711112,-24.27000668192941
1949,301,309,1,-14.298418728897856,-14.047805119963668
1950,7,9,1,-15.582078773660244,-14.539165442165368
1951,2,9,1,-18.728169413032823,-18.115443694820822
1952,124,128,1,-11.798680067555622,-10.46233999113393
1953,245,246,1,-9.120310209248322,-6.957477026797922
1954,65,68,1,-11.468806607943444,-10.056858279795375
1955,1,260,0,-22.72636559059318,-22.108453285035452
1956,123,125,1,-16.780789521045275,-16.092134494259188
1957,50,52,1,-8.32640465941024,-5.2089100331801
1958,215,218,1,-11.221716042843696,-9.759906460035936
1959,330,332,1,-12.12400149643676,-11.491854585505072
1960,117,345,0,-14.980702477093894,-13.86809828964027
1961,324,329,1,-15.97135708360632,-15.226896273891875
1962,70,141,0,-18.05221887966054,-17.24731114028949
1963,115,116,1,-15.73370869008319,-14.897529917058465
1964,142,146,1,-17.266770466673524,-16.31483819563647
1965,257,338,0,-25.496983064429912,-24.968088026275616
1966,28,232,0,-20.226533834375047,-19.57491601070425
1967,114,115,1,-17.36448280019137,-16.813770972546255
1968,261,317,0,-19.344810811947305,-18.947001173465566
1969,240,258,0,-13.824923113194732,-12.442616015070348
1970,260,266,1,-18.56616641838067,-17.786278321515006
1971,27,28,1,-12.899985375851097,-11.606708745625882
1972,42,241,0,-15.573860019559564,-14.668352800843458
1973,333,386,0,-20.5529004111251,-19.921195656900807
1974,76,231,0,-21.53432455770687,-20.684067020847106
1975,58,230,0,-26.019839800681474,-25.47913154979646
1976,6,139,0,-27.23501860556324,-26.970162729463787
1977,139,226,0,-26.012589760075393,-25.714135559138665
1978,40,45,1,-10.789346895839898,-9.537180550558967
1979,252,253,1,-14.500023662026138,-13.435429129176434
1980,213,214,1,-13.663288490623065,-12.882341675718257
1981,114,240,0,-17.886328266189274,-17.066251452668673
1982,212,359,0,-21.700793580019916,-21.228396953437525
1983,210,213,1,-12.895007648742162,-12.010410116185419
1984,141,144,1,-8.661171357646511,-5.7957515719708255
1985,308,344,0,-23.34538041803259,-22.6312567497488
1986,74,77,1,-7.6436887073311945,-5.551093775553767
1987,210,263,0,-23.591334952227204,-22.952964061261632
1988,120,358,0,-24.661661637793483,-24.273961837042066
1989,21,258,0,-15.055528030684886,-14.07267440352146
1990,118,119,1,-9.223420412350153,-7.0648564740910045
1991,283,285,1,-12.940150184938178,-11.649406104156936
1992,268,359,0,-20.51554286008158,-20.175305648705685
1993,265,269,1,-17.295408397960056,-16.84489641124188
1994,133,300,0,-26.791037685642706,-26.270824984054492
1995,26,27,1,-8.553586015694199,-5.6265061199211415
1996,119,139,0,-24.41148715301258,-24.088843975495134
1997,49,123,0,-16.86834012732347,-15.88778504370939
1998,67,336,0,-29.489557029467967,-29.218991616712515
1999,50,305,0,-23.553882825658974,-22.925844194553186
2000,112,140,0,-22.054427306496937,-21.315077948104573
2001,312,313,1,-15.804101621182141,-15.459316627726423
2002,57,303,0,-28.582833015263102,-28.104813427629335
2003,44,382,0,-29.74018012841841,-29.297438074351586
2004,62,117,0,-21.28269877869947,-20.623813243687803
2005,133,135,1,-17.41845925580524,-16.723338811553102
2006,120,129,1,-11.055778076236624,-9.24309903812572
2007,54,389,0,-28.872852435873774,-28.324892204337942
2008,316,317,1,-18.725417271487494,-18.39569379647457
2009,20,29,1,-12.672279271197999,-11.291496718805544
2010,127,135,0,-22.4396525262724,-22.056033862378136
2011,282,346,0,-25.43678065249296,-25.016592928863336
2012,75,79,1,-11.58647431476416,-10.272400897056324
2013,313,317,1,-16.67903030706921,-16.429229767683896
2014,28,144,0,-18.206621793845162,-17.252697179002688
2015,21,24,1,-18.03687629190758,-17.50728101832899
2016,226,227,1,-15.73532569312596,-14.974099713273048
2017,59,120,0,-26.437857221389706,-25.900607748301308
2018,48,356,0,-20.23324472924841,-19.655383986971533
2019,234,347,0,-21.29259680006991,-20.633504039726244
2020,55,59,1,-9.105134207509149,-6.848462211050589
2021,120,228,0,-23.92887050957936,-23.30595302792025
2022,300,307,1,-9.207147835780093,-6.275673612632415
2023,247,308,0,-21.0931110063087,-20.357292341739733
2024,222,239,0,-21.54893988037046,-20.912957208418586
2025,22,287,0,-19.410880733976434,-18.76181775156051
2026,212,213,1,-13.064633057599268,-11.875054718380255
2027,322,389,0,-16.978734736252008,-16.108783744310436
2028,28,29,1,-8.931802186396885,-6.096657511479945
2029,140,144,1,-17.478629908401487,-16.44828003435492
2030,23,29,1,-16.717267709111066,-15.694571235254735
2031,136,210,0,-19.94757310731526,-19.375990486579596
2032,129,309,0,-24.551728548969532,-24.151732818417216
2033,269,307,0,-23.271431553804277,-22.81090563663874
2034,57,59,1,-10.769593560090883,-9.209973751083806
2035,241,245,1,-11.43591373883093,-9.882219907853223
2036,3,347,0,-23.24332871464079,-22.588252679734452
2037,300,305,1,-13.757458499129104,-12.854200592431509
2038,71,75,1,-14.99114161838566,-14.11622255756525
2039,227,233,0,-20.79438726445716,-20.215507868816342
2040,115,117,1,-15.623522989035841,-14.890241165708348
2041,300,301,1,-21.443457058271164,-21.06872137199866
2042,110,117,1,-10.850704962519902,-9.159474638036409
2043,261,353,0,-26.975393869835237,-26.586494890768762
2044,280,281,1,-8.96641975799703,-6.934616637186345
2045,78,122,0,-23.315728552410242,-22.793822436652682
2046,346,389,0,-25.680567600903494,-25.327766719072223
2047,320,321,1,-13.74482145920885,-12.826746788832502
2048,1,5,1,-20.27047427116701,-19.63702735872603
2049,143,147,1,-13.954328194805175,-13.136443012148597
2050,143,149,1,-17.204851254782525,-16.261951325648432
2051,215,216,1,-12.868491340723333,-11.917314586255316
2052,54,357,0,-24.564591243012842,-23.95094102239983
2053,117,323,0,-28.576618111476794,-28.099210727533396
2054,72,261,0,-23.158304406060157,-22.69202109080569
2055,118,149,0,-18.852077536618573,-18.08453642129438
2056,218,388,0,-14.99304810519083,-13.89012371456597
2057,335,338,1,-12.04617135378318,-11.165926062396387
2058,140,148,1,-16.967826802124797,-15.943148645892853
2059,221,225,1,-16.761536229906532,-16.202119355477954
2060,229,344,0,-21.154356821974666,-20.48291728606509
2061,141,265,0,-21.694233328516034,-21.158567198226528
2062,322,381,0,-17.318133301329997,-16.356953421819586
2063,62,217,0,-23.75484159972228,-23.149981742103257
2064,381,389,1,-16.700114095548567,-15.892811175775755
2065,46,248,0,-15.208269383043946,-14.144448272402808
2066,325,326,1,-15.53887620294922,-14.815031180572317
2067,120,122,1,-14.59522283265532,-13.618281118331685
2068,67,301,0,-25.309298691028214,-25.06453411628306
2069,223,340,0,-18.37884178105098,-17.901336975607848
2070,337,339,1,-9.220183566505135,-6.9305247604469065
2071,110,389,0,-27.82848526950124,-27.3370186849038
2072,120,145,0,-21.44547244641008,-20.65175249268534
2073,234,235,1,-14.580596340536681,-13.620779880669115
2074,344,347,1,-18.930860431307615,-18.056465930226135
2075,221,227,1,-6.21197279321794,-3.6922589041013048
2076,220,229,1,-8.852236713013442,-6.179780326355472
2077,142,147,1,-13.320583773008087,-12.138112074826118
2078,248,281,0,-22.763263818318347,-22.05623712129587
2079,333,338,1,-15.879697241150877,-15.11747138501085
2080,72,126,0,-23.30748168873974,-22.764001216964452
2081,112,231,0,-23.429787132600225,-22.76867166045207
2082,236,308,0,-20.329033618344788,-19.549917942571568
2083,323,353,0,-25.391467433183006,-24.97307851786547
2084,22,28,1,-10.965026035923099,-9.289821934708222
2085,134,135,1,-19.197035490995862,-18.888873260148106
2086,47,111,0,-18.375137111598285,-17.652576940144648
2087,1,234,0,-25.981636700655738,-25.533621132943317
2088,303,307,1,-21.941278802933937,-21.345261134717223
2089,261,266,1,-21.673019697577917,-21.235622380956677
2090,70,357,0,-23.063867716071577,-22.62257130288057
2091,73,231,0,-21.796222400175516,-21.09890918964745
2092,260,320,0,-27.030992727612738,-26.44241666674254
2093,4,301,0,-28.313425014722963,-28.033965690095844
2094,261,325,0,-27.62988780821112,-27.293715617556845
2095,242,244,1,-16.67417960637526,-15.61346771485515
2096,322,323,1,-10.123250733679376,-8.348612403886676
2097,250,258,1,-12.523952033910783,-10.917449184027719
2098,127,339,0,-27.417082624331698,-26.931397427170296
2099,330,338,1,-13.914832283954018,-13.124759719812241
2100,312,317,1,-14.83688729323256,-14.234486884303191
2101,20,22,1,-11.168631938466186,-9.649077711573318
2102,221,303,0,-25.636647173629434,-25.265248061772123
2103,71,79,1,-17.414078960495427,-16.797040247062004
2104,381,384,1,-14.417593460269515,-13.274362707486102
2105,132,138,1,-19.43236510977389,-19.00296419970848
2106,253,339,0,-25.09653522176629,-24.498276961670303
2107,76,139,0,-26.11502602413966,-25.84031487989349
2108,240,248,1,-11.824872620547378,-10.156715483049213
2109,130,234,0,-24.47381357905292,-24.20710873565086
2110,143,349,0,-21.87263368578791,-21.406904200002668
2111,244,282,0,-22.753430404751697,-22.059854234968885
2112,131,137,1,-19.056729628174633,-18.50866589075855
2113,233,339,0,-21.488059581634012,-20.81019931378622
2114,114,118,1,-13.489033073909546,-12.299436960287679
2115,46,342,0,-17.10994151015795,-16.212995390205393
2116,64,144,0,-20.653345022081865,-20.007771095221557
2117,110,131,0,-25.452692509796197,-24.963569102493675
2118,332,342,0,-20.280934837037616,-19.693289142481074
2119,79,232,0,-23.75197074975978,-23.19098372293666
2120,253,280,0,-23.941413441220313,-23.28754278813954
2121,29,227,0,-17.633798043761022,-16.863630054740504
2122,228,315,0,-21.98655403203757,-21.50005995210218
2123,233,237,1,-17.15019865811743,-16.392891881340883
2124,235,238,1,-14.560765368380766,-13.523429160005673
2125,233,236,1,-12.6994209740488,-11.362938643095966
2126,308,309,1,-21.952256035509404,-21.462952605738025
2127,350,351,1,-21.65724469837408,-21.467389030414623
2128,6,113,0,-22.63723922985652,-22.09899755777487
2129,230,234,1,-12.428758912157175,-10.805589750627133
2130,221,223,1,-17.189541103012605,-16.592597208155453
2131,138,282,0,-23.287455525575897,-22.757300761444963
2132,351,359,1,-21.08579667830177,-20.922391095003974
2133,352,354,1,-17.33718501717922,-16.906430783067005
2134,73,323,0,-25.37053801559629,-24.832883344938942
2135,240,246,1,-9.290426394346362,-6.988807850570241
2136,69,250,0,-21.084392906752498,-20.598149096369426
2137,117,235,0,-22.583318539366697,-22.076096897860435
2138,250,257,1,-15.412478669899551,-14.448624986783866
2139,210,218,1,-8.76598244652438,-6.238149002935505
2140,6,321,0,-28.63107515587589,-28.316266113614123
2141,22,225,0,-19.505860021999787,-18.91646751515953
2142,134,255,0,-22.264922172415808,-21.71022636722036
2143,382,386,1,-15.120139158421143,-14.332171040511563
2144,254,317,0,-22.615632043814514,-22.151747535083434
2145,310,316,1,-19.439370132068838,-19.217731001585584
2146,238,352,0,-17.04140378772279,-16.179734317663467
2147,131,134,1,-15.61250444819411,-14.94265236295492
2148,72,255,0,-20.970308124741912,-20.247794134546314
2149,145,308,0,-20.622209882122547,-19.814196909691585
2150,74,321,0,-28.138337652769987,-27.777922526585375
2151,257,258,1,-12.039218627887303,-10.57241855784593
2152,72,76,1,-13.570555563409162,-12.548805268834252
2153,20,24,1,-15.981701798929347,-15.150820415056373
2154,281,283,1,-11.018647357529904,-9.173569545403183
2155,302,308,1,-21.98702039429137,-21.355047633721092
2156,40,44,1,-12.066384251560997,-10.451819017131958
2157,220,227,1,-15.033138686328035,-14.128302723567947
2158,132,133,1,-14.448433410417547,-13.57794323401329
2159,302,306,1,-22.71739018768145,-22.23675545554963
